repo,pr_a,pr_b,prob,raw
0x80/isolate-package,134,135,0.7,
514-labs/moose,2341,2350,0.15,
514-labs/moose,2343,2345,0.1,
514-labs/moose,2466,2554,0.15,
514-labs/moose,2532,2533,0.35,
514-labs/moose,2466,2531,0.15,
514-labs/moose,2466,2561,0.1,
514-labs/moose,2466,2541,0.1,
514-labs/moose,2560,2561,0.05,
514-labs/moose,2554,2561,0.3,
514-labs/moose,2466,2533,0.15,
514-labs/moose,2341,2345,0.05,
514-labs/moose,2510,2529,0.1,
514-labs/moose,2531,2532,0.2,
514-labs/moose,2466,2510,0.15,
514-labs/moose,2348,2350,0.05,
514-labs/moose,2531,2541,0.35,
514-labs/moose,2345,2348,0.05,
514-labs/moose,2466,2529,0.1,
514-labs/moose,2466,2499,0.45,
514-labs/moose,2466,2560,0.05,
514-labs/moose,2341,2348,0.05,
514-labs/moose,2341,2343,0.05,
514-labs/moose,2554,2560,0.1,
514-labs/moose,2531,2533,0.15,
514-labs/moose,2466,2532,0.25,
AfterShip/clickhouse-sql-parser,170,172,0.4,
AfterShip/clickhouse-sql-parser,170,171,0.65,
Azure-Samples/azure-ai-travel-agents,77,79,0.1,
Azure-Samples/azure-ai-travel-agents,94,99,0.1,
Azure-Samples/azure-ai-travel-agents,79,92,0.2,
Azure-Samples/azure-ai-travel-agents,80,85,0.05,
Azure-Samples/azure-ai-travel-agents,80,99,0.2,
Azure-Samples/azure-ai-travel-agents,75,99,0.1,
Azure-Samples/azure-ai-travel-agents,80,96,0.05,
Azure-Samples/azure-ai-travel-agents,83,85,0.1,
Azure-Samples/azure-ai-travel-agents,79,94,0.05,
Azure-Samples/azure-ai-travel-agents,85,96,0.03,
Azure-Samples/azure-ai-travel-agents,75,83,0.4,
Azure-Samples/azure-ai-travel-agents,75,94,0.08,
Azure-Samples/azure-ai-travel-agents,75,85,0.15,
Azure-Samples/azure-ai-travel-agents,80,92,0.35,
Azure-Samples/azure-ai-travel-agents,94,96,0.05,
Azure-Samples/azure-ai-travel-agents,75,96,0.05,
Azure-Samples/azure-ai-travel-agents,75,79,0.25,
Azure-Samples/azure-ai-travel-agents,96,99,0.05,
Azure-Samples/azure-ai-travel-agents,79,83,0.15,
Azure-Samples/azure-ai-travel-agents,79,80,0.25,
Azure-Samples/azure-ai-travel-agents,80,94,0.1,
Azure-Samples/azure-ai-travel-agents,85,99,0.1,
Azure-Samples/azure-ai-travel-agents,85,94,0.65,
Azure-Samples/azure-ai-travel-agents,79,85,0.08,
Azure-Samples/azure-ai-travel-agents,80,83,0.4,
Azure-Samples/azure-ai-travel-agents,79,99,0.2,
Azure-Samples/azure-ai-travel-agents,75,80,0.35,
Azure-Samples/azure-ai-travel-agents,75,77,0.12,
Azure-Samples/azure-ai-travel-agents,79,96,0.05,
Azure-Samples/azure-ai-travel-agents,85,92,0.75,
Azure-Samples/azure-ai-travel-agents,75,92,0.3,
Azure/AppConfiguration,1065,1067,0.25,
Azure/AppConfiguration,1061,1067,0.05,
Azure/AppConfiguration,1061,1065,0.05,
Azure/autorest.csharp,5334,5338,0.85,
Azure/autorest.csharp,5327,5329,0.1,
Azure/awesome-azd,630,631,0.35,
Azure/azure-functions-core-tools,4434,4442,0.05,
Azure/azure-functions-core-tools,4434,4445,0.2,
Azure/azure-functions-core-tools,4442,4445,0.05,
Azure/azure-functions-core-tools,4443,4445,0.45,
Azure/azure-functions-core-tools,4443,4446,0.45,
Azure/azure-functions-core-tools,4437,4443,0.15,
Azure/azure-functions-core-tools,4437,4442,0.05,
Azure/azure-functions-core-tools,4445,4446,0.65,
Azure/azure-functions-core-tools,4434,4446,0.1,
Azure/azure-functions-core-tools,4437,4445,0.35,
Azure/azure-functions-core-tools,4434,4480,0.1,
Azure/azure-functions-core-tools,4437,4446,0.5,
Azure/azure-functions-core-tools,4434,4443,0.1,
Azure/azure-functions-core-tools,4434,4437,0.15,
Azure/azure-functions-core-tools,4442,4443,0.05,
Azure/azure-functions-core-tools,4442,4446,0.05,
Azure/azure-sdk-for-java,45590,45806,0.05,
Azure/azure-sdk-for-java,45590,45801,0.1,
Azure/azure-sdk-for-java,45595,45801,0.05,
Azure/azure-sdk-for-java,45590,45808,0.05,
Azure/azure-sdk-for-java,45801,45808,0.05,
Azure/azure-sdk-for-java,45609,45801,0.15,
Azure/azure-sdk-for-java,45797,45806,0.25,
Azure/azure-sdk-for-java,45595,45806,0.05,
Azure/azure-sdk-for-java,45797,45801,0.2,
Azure/azure-sdk-for-java,45595,45609,0.05,
Azure/azure-sdk-for-java,45800,45801,0.12,
Azure/azure-sdk-for-java,45795,45803,0.02,
Azure/azure-sdk-for-java,45796,45801,0.05,
Azure/azure-sdk-for-java,45609,45806,0.05,
Azure/azure-sdk-for-java,45806,45808,0.02,
Azure/azure-sdk-for-java,45595,45606,0.08,
Azure/azure-sdk-for-java,45595,45796,0.08,
Azure/azure-sdk-for-java,45606,45801,0.05,
Azure/azure-sdk-for-java,45590,45796,0.05,
Azure/azure-sdk-for-java,45595,45800,0.03,
Azure/azure-sdk-for-java,45796,45803,0.02,
Azure/azure-sdk-for-java,45803,45808,0.01,
Azure/azure-sdk-for-java,45795,45801,0.04,
Azure/azure-sdk-for-java,45595,45795,0.02,
Azure/azure-sdk-for-java,45795,45796,0.03,
Azure/azure-sdk-for-java,45796,45800,0.02,
Azure/azure-sdk-for-java,45797,45800,0.05,
Azure/azure-sdk-for-java,45595,45808,0.01,
Azure/azure-sdk-for-java,45797,45803,0.01,
Azure/azure-sdk-for-java,45800,45803,0.05,
Azure/azure-sdk-for-java,45796,45808,0.05,
Azure/azure-sdk-for-java,45609,45797,0.05,
Azure/azure-sdk-for-java,45800,45808,0.05,
Azure/azure-sdk-for-java,45590,45797,0.05,
Azure/azure-sdk-for-java,45606,45609,0.2,
Azure/azure-sdk-for-java,45595,45797,0.05,
Azure/azure-sdk-for-java,45796,45797,0.05,
Azure/azure-sdk-for-java,45606,45808,0.05,
Azure/azure-sdk-for-java,45606,45795,0.05,
Azure/azure-sdk-for-java,45609,45796,0.08,
Azure/azure-sdk-for-java,45795,45800,0.03,
Azure/azure-sdk-for-java,45595,45803,0.01,
Azure/azure-sdk-for-java,45606,45797,0.05,
Azure/azure-sdk-for-java,45795,45806,0.02,
Azure/azure-sdk-for-java,45800,45806,0.02,
Azure/azure-sdk-for-java,45609,45808,0.03,
Azure/azure-sdk-for-java,45606,45803,0.02,
Azure/azure-sdk-for-java,45590,45606,0.08,
Azure/azure-sdk-for-java,45606,45796,0.15,
Azure/azure-sdk-for-java,45803,45806,0.02,
Azure/azure-sdk-for-java,45609,45800,0.03,
Azure/azure-sdk-for-java,45590,45795,0.02,
Azure/azure-sdk-for-java,45606,45800,0.02,
Azure/azure-sdk-for-java,45590,45803,0.01,
Azure/azure-sdk-for-java,45796,45806,0.02,
Azure/azure-sdk-for-java,45590,45800,0.02,
Azure/azure-sdk-for-java,45795,45797,0.2,
Azure/azure-sdk-for-java,45609,45795,0.02,
Azure/azure-sdk-for-java,45609,45803,0.01,
Azure/azure-sdk-for-java,45797,45808,0.03,
Azure/azure-sdk-for-java,45795,45808,0.03,
Azure/azure-sdk-for-java,45590,45609,0.05,
Azure/azure-sdk-for-java,45590,45595,0.02,
Azure/azure-sdk-for-java,45801,45806,0.05,
Azure/azure-sdk-for-java,45606,45806,0.03,
Azure/azure-sdk-for-java,45801,45803,0.02,
Azure/data-api-builder,2727,2749,0.45,
Azure/data-api-builder,2724,2727,0.01,
Azure/data-api-builder,2692,2727,0.25,
Azure/data-api-builder,2734,2749,0.55,
Azure/data-api-builder,2692,2734,0.08,
Azure/data-api-builder,2692,2724,0.01,
Azure/data-api-builder,2692,2749,0.25,
Azure/data-api-builder,2727,2734,0.8,
BasedHardware/omi,2025,2026,0.98,
BasedHardware/omi,2009,2025,0.75,
BasedHardware/omi,2009,2021,0.75,
BasedHardware/omi,2021,2025,0.9,
BasedHardware/omi,2006,2009,0.8,
BasedHardware/omi,2021,2026,0.95,
BasedHardware/omi,2009,2026,0.7,
BeehiveInnovations/zen-mcp-server,83,95,0.3,
BlueWallet/BlueWallet,8007,8008,0.25,
BlueWallet/BlueWallet,8007,8010,0.2,
BlueWallet/BlueWallet,7994,7995,0.5,
BlueWallet/BlueWallet,7988,7989,0.4,
Cap-go/capgo,1040,1051,0.45,
Cap-go/capgo,1071,1074,0.65,
Cap-go/capgo,1094,1099,0.3,
Cap-go/capgo,1098,1101,0.15,
Cap-go/capgo,1069,1072,0.25,
Cap-go/capgo,1063,1066,0.75,
Cap-go/capgo,1036,1053,0.12,
Cap-go/capgo,1065,1066,0.75,
Cap-go/capgo,1053,1058,0.1,
Cap-go/capgo,1069,1077,0.3,
Cap-go/capgo,1094,1095,0.88,
Cap-go/capgo,1098,1099,0.3,
Cap-go/capgo,1067,1074,0.45,
Cap-go/capgo,1092,1098,0.2,
Cap-go/capgo,1051,1053,0.75,
Cap-go/capgo,1012,1041,0.15,
Cap-go/capgo,1093,1095,0.95,
Cap-go/capgo,1037,1051,0.9,
Cap-go/capgo,1037,1040,0.2,
Cap-go/capgo,1036,1042,0.15,
Cap-go/capgo,1092,1099,0.25,
Cap-go/capgo,1097,1100,0.15,
Cap-go/capgo,1038,1052,0.2,
Cap-go/capgo,1091,1094,0.9,
Cap-go/capgo,1072,1077,0.45,
Cap-go/capgo,1047,1054,0.2,
Cap-go/capgo,1047,1049,0.75,
Cap-go/capgo,1093,1102,0.15,
Cap-go/capgo,1093,1097,0.35,
Cap-go/capgo,1091,1102,0.15,
Cap-go/capgo,1095,1097,0.4,
Cap-go/capgo,1047,1050,0.25,
Cap-go/capgo,1067,1075,0.25,
Cap-go/capgo,1037,1050,0.95,
Cap-go/capgo,1037,1041,0.05,
Cap-go/capgo,1073,1081,0.45,
Cap-go/capgo,1037,1039,0.55,
Cap-go/capgo,1093,1101,0.7,
Cap-go/capgo,1092,1109,0.1,
Cap-go/capgo,1092,1095,0.99,
Cap-go/capgo,1092,1097,0.7,
Cap-go/capgo,1078,1079,0.99,
Cap-go/capgo,1073,1082,0.5,
Cap-go/capgo,1052,1057,0.15,
Cap-go/capgo,1037,1038,0.35,
Cap-go/capgo,1050,1053,0.4,
Cap-go/capgo,1064,1066,0.25,
Cap-go/capgo,1067,1081,0.1,
Cap-go/capgo,1041,1043,0.85,
Cap-go/capgo,1058,1061,0.3,
Cap-go/capgo,1091,1100,0.1,
Cap-go/capgo,1012,1042,0.05,
Cap-go/capgo,1067,1097,0.15,
Cap-go/capgo,1036,1039,0.5,
Cap-go/capgo,1040,1048,0.05,
Cap-go/capgo,1067,1094,0.3,
Cap-go/capgo,1092,1102,0.05,
Cap-go/capgo,1054,1059,0.05,
Cap-go/capgo,1073,1079,0.2,
Cap-go/capgo,1038,1051,0.1,
Cap-go/capgo,1069,1078,0.25,
Cap-go/capgo,1073,1077,0.35,
Cap-go/capgo,1040,1042,0.05,
Cap-go/capgo,1039,1052,0.2,
Cap-go/capgo,1051,1054,0.9,
Cap-go/capgo,1069,1074,0.3,
Cap-go/capgo,1054,1057,0.12,
Cap-go/capgo,1093,1109,0.2,
Cap-go/capgo,1093,1108,0.15,
Cap-go/capgo,1094,1098,0.08,
Cap-go/capgo,1091,1098,0.08,
Cap-go/capgo,1036,1043,0.15,
Cap-go/capgo,1036,1054,0.25,
Cap-go/capgo,1040,1041,0.15,
Cap-go/capgo,1047,1048,0.15,
Cap-go/capgo,1069,1081,0.3,
Cap-go/capgo,1067,1098,0.75,
Cap-go/capgo,1074,1078,0.2,
Cap-go/capgo,1041,1042,0.95,
Cap-go/capgo,1070,1073,0.5,
Cap-go/capgo,1092,1101,0.4,
Cap-go/capgo,1037,1047,0.35,
Cap-go/capgo,1095,1100,0.05,
Cap-go/capgo,1072,1076,0.8,
Cap-go/capgo,1053,1054,0.7,
Cap-go/capgo,1059,1060,0.2,
Cap-go/capgo,1069,1076,0.3,
Cap-go/capgo,1092,1108,0.1,
Cap-go/capgo,1074,1082,0.45,
Cap-go/capgo,1057,1060,0.2,
Cap-go/capgo,1062,1066,0.55,
Cap-go/capgo,1093,1099,0.1,
Cap-go/capgo,1047,1052,0.4,
Cap-go/capgo,1067,1092,0.25,
Cap-go/capgo,1098,1102,0.1,
Cap-go/capgo,1067,1070,0.95,
Cap-go/capgo,1062,1064,0.9,
Cap-go/capgo,1067,1108,0.2,
Cap-go/capgo,1039,1048,0.08,
Cap-go/capgo,1067,1091,0.2,
Cap-go/capgo,1095,1109,0.08,
Cap-go/capgo,1080,1081,0.85,
Cap-go/capgo,1073,1074,0.35,
Cap-go/capgo,1074,1075,0.15,
Cap-go/capgo,1063,1065,0.9,
Cap-go/capgo,1036,1050,0.15,
Cap-go/capgo,1067,1072,0.2,
Cap-go/capgo,1038,1041,0.15,
Cap-go/capgo,1075,1076,0.75,
Cap-go/capgo,1050,1052,0.92,
Cap-go/capgo,1072,1073,0.2,
Cap-go/capgo,1038,1050,0.12,
Cap-go/capgo,1036,1052,0.12,
Cap-go/capgo,1070,1072,0.15,
Cap-go/capgo,1092,1100,0.05,
Cap-go/capgo,1080,1082,0.97,
Cap-go/capgo,1098,1108,0.12,
Cap-go/capgo,1092,1094,0.85,
Cap-go/capgo,1069,1075,0.25,
Cap-go/capgo,1102,1103,0.92,
Cap-go/capgo,1040,1043,0.08,
Cap-go/capgo,1038,1053,0.07,
Cap-go/capgo,1074,1079,0.3,
Cap-go/capgo,1081,1082,0.95,
Cap-go/capgo,1058,1059,0.15,
Cap-go/capgo,1064,1065,0.75,
Cap-go/capgo,1048,1050,0.1,
Cap-go/capgo,1070,1075,0.2,
Cap-go/capgo,1098,1103,0.1,
Cap-go/capgo,1051,1058,0.12,
Cap-go/capgo,1036,1041,0.08,
Cap-go/capgo,1040,1052,0.12,
Cap-go/capgo,1050,1058,0.1,
Cap-go/capgo,1070,1078,0.15,
Cap-go/capgo,1070,1076,0.15,
Cap-go/capgo,1036,1038,1.0,
Cap-go/capgo,1040,1054,0.18,
Cap-go/capgo,1108,1109,0.45,
Cap-go/capgo,1049,1050,0.18,
Cap-go/capgo,1047,1051,0.16,
Cap-go/capgo,1092,1093,0.95,
Cap-go/capgo,1067,1082,0.1,
Cap-go/capgo,1072,1074,0.25,
Cap-go/capgo,1095,1103,0.08,
Cap-go/capgo,1040,1047,0.98,
Cap-go/capgo,1094,1108,0.08,
Cap-go/capgo,1038,1040,0.92,
Cap-go/capgo,1053,1057,0.08,
Cap-go/capgo,1093,1094,0.97,
Cap-go/capgo,1012,1038,0.78,
Cap-go/capgo,1076,1077,0.97,
Cap-go/capgo,1053,1061,0.75,
Cap-go/capgo,1038,1042,0.08,
Cap-go/capgo,1037,1043,0.15,
Cap-go/capgo,1048,1052,0.12,
Cap-go/capgo,1093,1103,0.08,
Cap-go/capgo,1073,1080,0.3,
Cap-go/capgo,1039,1041,0.1,
Cap-go/capgo,1098,1100,0.07,
Cap-go/capgo,1093,1098,0.05,
Cap-go/capgo,1100,1101,0.08,
Cap-go/capgo,1051,1052,0.9,
Cap-go/capgo,1040,1049,0.75,
Cap-go/capgo,1036,1037,0.3,
Cap-go/capgo,1095,1102,0.05,
Cap-go/capgo,1050,1057,0.12,
Cap-go/capgo,1070,1079,0.28,
Cap-go/capgo,1047,1053,0.1,
Cap-go/capgo,1012,1040,0.88,
Cap-go/capgo,1070,1081,0.3,
Cap-go/capgo,1040,1050,0.36,
Cap-go/capgo,1036,1048,0.11,
Cap-go/capgo,1039,1040,0.82,
Cap-go/capgo,1070,1074,0.15,
Cap-go/capgo,1039,1049,0.75,
Cap-go/capgo,1091,1093,0.95,
Cap-go/capgo,1067,1109,0.15,
Cap-go/capgo,1095,1098,0.1,
Cap-go/capgo,1058,1060,0.2,
Cap-go/capgo,1070,1082,0.1,
Cap-go/capgo,1036,1051,0.25,
Cap-go/capgo,1094,1109,0.15,
Cap-go/capgo,1094,1097,0.5,
Cap-go/capgo,1063,1064,0.95,
Cap-go/capgo,1091,1092,0.98,
Cap-go/capgo,1067,1080,0.05,
Cap-go/capgo,1067,1093,0.05,
Cap-go/capgo,1038,1048,0.05,
Cap-go/capgo,1051,1059,0.08,
Cap-go/capgo,1067,1069,0.25,
Cap-go/capgo,1097,1099,0.08,
Cap-go/capgo,1091,1095,0.95,
Cap-go/capgo,1069,1073,0.98,
Cap-go/capgo,1054,1058,0.18,
Cap-go/capgo,1094,1100,0.12,
Cap-go/capgo,1048,1054,0.18,
Cap-go/capgo,1067,1095,0.22,
Cap-go/capgo,1037,1054,0.88,
Cap-go/capgo,1079,1082,0.98,
Cap-go/capgo,1072,1075,0.92,
ComposioHQ/composio,1378,1411,0.45,
ComposioHQ/composio,1378,1406,0.4,
ComposioHQ/composio,1158,1164,0.12,
ComposioHQ/composio,1409,1410,0.85,
ComposioHQ/composio,1378,1408,0.85,
ComposioHQ/composio,1157,1164,0.15,
ComposioHQ/composio,1100,1163,0.35,
ComposioHQ/composio,1101,1113,0.55,
ComposioHQ/composio,1157,1163,0.15,
ComposioHQ/composio,1408,1410,0.85,
ComposioHQ/composio,1378,1410,0.8,
ComposioHQ/composio,1410,1411,0.85,
ComposioHQ/composio,1408,1411,0.8,
ComposioHQ/composio,1404,1410,0.08,
ComposioHQ/composio,1404,1411,0.1,
ComposioHQ/composio,1157,1160,0.03,
ComposioHQ/composio,1160,1163,0.25,
ComposioHQ/composio,1100,1158,0.02,
ComposioHQ/composio,1160,1164,0.2,
ComposioHQ/composio,1100,1164,0.02,
ComposioHQ/composio,1100,1160,0.02,
ComposioHQ/composio,1408,1409,0.75,
ComposioHQ/composio,1100,1113,0.15,
ComposioHQ/composio,1158,1163,0.08,
ComposioHQ/composio,1404,1409,0.05,
ComposioHQ/composio,1378,1409,0.65,
ComposioHQ/composio,1157,1158,0.05,
ComposioHQ/composio,1404,1408,0.05,
ComposioHQ/composio,1100,1157,0.05,
ComposioHQ/composio,1163,1164,0.85,
ComposioHQ/composio,1404,1406,0.05,
ComposioHQ/composio,1378,1404,0.1,
ComposioHQ/composio,1158,1160,0.05,
ComposioHQ/composio,1409,1411,0.65,
ComposioHQ/composio,1100,1154,0.25,
ComposioHQ/composio,1100,1101,0.75,
DaveSkender/Stock.Indicators,1343,1355,0.08,
DaveSkender/Stock.Indicators,1356,1358,0.96,
DaveSkender/Stock.Indicators,1343,1345,0.45,
DaveSkender/Stock.Indicators,1362,1364,0.08,
DaveSkender/Stock.Indicators,1343,1356,0.12,
DaveSkender/Stock.Indicators,1342,1345,0.55,
DaveSkender/Stock.Indicators,1342,1358,0.08,
DaveSkender/Stock.Indicators,1343,1358,0.15,
DaveSkender/Stock.Indicators,1342,1355,0.1,
DaveSkender/Stock.Indicators,1342,1343,0.05,
DaveSkender/Stock.Indicators,1342,1356,0.1,
DeepLabCut/DeepLabCut,3046,3047,0.28,
DistroAV/DistroAV,1314,1317,0.27,
DivineOmega/uxdm,42,43,0.8,
DivineOmega/uxdm,41,42,0.48,
DivineOmega/uxdm,41,43,0.5,
DivineOmega/uxdm,41,44,0.6,
DivineOmega/uxdm,41,45,0.98,
ESPresense/ESPresense-companion,1167,1190,0.25,
ESPresense/ESPresense-companion,1157,1158,0.05,
ESPresense/ESPresense-companion,1179,1190,0.15,
ESPresense/ESPresense-companion,1163,1165,0.05,
ESPresense/ESPresense-companion,1163,1169,0.3,
ESPresense/ESPresense-companion,1163,1190,0.05,
ESPresense/ESPresense-companion,1163,1164,0.05,
ESPresense/ESPresense-companion,1167,1179,0.35,
ESPresense/ESPresense-companion,1162,1163,0.05,
ESPresense/ESPresense-companion,1160,1162,0.75,
ESPresense/ESPresense-companion,1160,1164,0.75,
ESPresense/ESPresense-companion,1163,1189,0.1,
ESPresense/ESPresense-companion,1163,1167,0.2,
ESPresense/ESPresense-companion,1160,1165,0.75,
ESPresense/ESPresense-companion,1179,1189,0.05,
ESPresense/ESPresense-companion,1167,1169,0.35,
ESPresense/ESPresense-companion,1160,1163,0.55,
ESPresense/ESPresense-companion,1155,1156,0.05,
ESPresense/ESPresense-companion,1167,1189,0.1,
ESPresense/ESPresense-companion,1163,1179,0.05,
ElectNewt/Distribt,47,48,0.95,
ElectNewt/Distribt,44,48,0.15,
ElectNewt/Distribt,44,47,0.15,
FarmBot/Farmbot-Web-App,2491,2492,0.3,
Helicone/helicone,3873,3890,0.2,
Helicone/helicone,4046,4099,0.1,
Helicone/helicone,3875,3885,0.25,
Helicone/helicone,3875,4046,0.15,
Helicone/helicone,3875,3882,0.35,
Helicone/helicone,3882,3890,0.3,
Helicone/helicone,3873,3882,0.08,
Helicone/helicone,3875,3890,0.35,
Helicone/helicone,3885,3890,0.25,
Helicone/helicone,3873,3885,0.08,
Helicone/helicone,3873,3875,0.12,
Helicone/helicone,3882,3885,0.2,
JuliaLang/Pkg.jl,4299,4306,0.3,
JuliaLang/Pkg.jl,4299,4304,0.2,
Kanaries/pygwalker,701,706,0.4,
Kanaries/pygwalker,700,706,0.85,
Kanaries/pygwalker,700,701,0.3,
Kiln-AI/Kiln,355,361,0.15,
Kiln-AI/Kiln,353,361,0.08,
Kiln-AI/Kiln,365,378,0.08,
Kiln-AI/Kiln,361,365,0.05,
Kiln-AI/Kiln,376,377,0.18,
Kiln-AI/Kiln,350,351,0.45,
Kiln-AI/Kiln,358,365,0.12,
Kiln-AI/Kiln,377,378,0.18,
Kiln-AI/Kiln,365,372,0.15,
Kiln-AI/Kiln,353,358,0.1,
Kiln-AI/Kiln,353,355,0.1,
Kiln-AI/Kiln,371,372,0.55,
Kiln-AI/Kiln,353,354,0.15,
Kiln-AI/Kiln,352,353,0.05,
Kiln-AI/Kiln,352,355,0.15,
Kiln-AI/Kiln,365,376,0.05,
Kiln-AI/Kiln,355,358,0.1,
Kiln-AI/Kiln,354,355,0.1,
Kiln-AI/Kiln,365,377,0.35,
Kiln-AI/Kiln,352,354,0.05,
Kiln-AI/Kiln,347,348,0.55,
Kiln-AI/Kiln,365,371,0.1,
Kiln-AI/Kiln,358,361,0.3,
KittyCAD/modeling-app,7035,7036,0.1,
KittyCAD/modeling-app,7036,7038,0.15,
KittyCAD/modeling-app,7035,7037,0.1,
KittyCAD/modeling-app,7037,7038,0.15,
KittyCAD/modeling-app,7034,7036,0.1,
KittyCAD/modeling-app,7034,7038,0.15,
KittyCAD/modeling-app,7035,7038,0.08,
KittyCAD/modeling-app,7034,7037,0.2,
KittyCAD/modeling-app,7034,7035,0.08,
KittyCAD/modeling-app,7036,7037,0.12,
KomodoPlatform/komodo-wallet,2879,2925,0.5,
KomodoPlatform/komodo-wallet,2807,2879,0.25,
KomodoPlatform/komodo-wallet,2811,2835,0.65,
KomodoPlatform/komodo-wallet,2696,2872,0.18,
KomodoPlatform/komodo-wallet,2642,2685,0.23,
KomodoPlatform/komodo-wallet,2647,2893,0.2,
KomodoPlatform/komodo-wallet,2845,2859,0.25,
KomodoPlatform/komodo-wallet,2792,2952,0.35,
KomodoPlatform/komodo-wallet,2809,2854,0.4,
KomodoPlatform/komodo-wallet,2933,3017,0.15,
KomodoPlatform/komodo-wallet,2639,2872,0.2,
KomodoPlatform/komodo-wallet,2790,2824,0.5,
KomodoPlatform/komodo-wallet,2647,2837,0.35,
KomodoPlatform/komodo-wallet,2845,2868,0.25,
KomodoPlatform/komodo-wallet,2878,2917,0.5,
KomodoPlatform/komodo-wallet,2704,2866,0.1,
KomodoPlatform/komodo-wallet,2662,3021,0.4,
KomodoPlatform/komodo-wallet,2892,2904,0.1,
KomodoPlatform/komodo-wallet,2820,2821,0.15,
KomodoPlatform/komodo-wallet,2709,2838,0.05,
KomodoPlatform/komodo-wallet,2841,2900,0.35,
KomodoPlatform/komodo-wallet,2867,2874,0.15,
KomodoPlatform/komodo-wallet,2662,2992,0.25,
KomodoPlatform/komodo-wallet,2704,2739,0.75,
KomodoPlatform/komodo-wallet,2662,2677,0.3,
KomodoPlatform/komodo-wallet,2704,2900,0.05,
KomodoPlatform/komodo-wallet,2647,2855,0.12,
KomodoPlatform/komodo-wallet,2758,2813,0.38,
KomodoPlatform/komodo-wallet,2892,2900,0.05,
KomodoPlatform/komodo-wallet,2696,2732,0.1,
KomodoPlatform/komodo-wallet,2696,3021,0.05,
KomodoPlatform/komodo-wallet,2806,2807,0.1,
KomodoPlatform/komodo-wallet,2841,2854,0.82,
KomodoPlatform/komodo-wallet,2639,2811,0.35,
KomodoPlatform/komodo-wallet,2806,3021,0.45,
KomodoPlatform/komodo-wallet,2967,2978,0.15,
KomodoPlatform/komodo-wallet,2675,2709,0.35,
KomodoPlatform/komodo-wallet,2806,3012,0.3,
KomodoPlatform/komodo-wallet,2648,2811,0.2,
KomodoPlatform/komodo-wallet,2807,2812,0.08,
KomodoPlatform/komodo-wallet,2704,2949,0.22,
KomodoPlatform/komodo-wallet,2675,2821,0.42,
KomodoPlatform/komodo-wallet,2787,2789,0.35,
KomodoPlatform/komodo-wallet,2639,2807,0.28,
KomodoPlatform/komodo-wallet,2843,2879,0.28,
KomodoPlatform/komodo-wallet,2642,2815,0.08,
KomodoPlatform/komodo-wallet,2806,2856,0.22,
KomodoPlatform/komodo-wallet,2841,2895,0.08,
KomodoPlatform/komodo-wallet,2675,2677,0.12,
KomodoPlatform/komodo-wallet,2639,2653,0.15,
KomodoPlatform/komodo-wallet,2704,2931,0.03,
KomodoPlatform/komodo-wallet,2655,2665,0.12,
KomodoPlatform/komodo-wallet,2647,2709,0.15,
KomodoPlatform/komodo-wallet,2758,2819,0.05,
KomodoPlatform/komodo-wallet,2647,2864,0.2,
KomodoPlatform/komodo-wallet,2675,2835,0.15,
KomodoPlatform/komodo-wallet,2696,3012,0.3,
KomodoPlatform/komodo-wallet,2946,2955,0.25,
KomodoPlatform/komodo-wallet,2696,2811,0.15,
KomodoPlatform/komodo-wallet,2806,2901,0.35,
KomodoPlatform/komodo-wallet,2892,2893,0.12,
KomodoPlatform/komodo-wallet,2662,2810,0.7,
KomodoPlatform/komodo-wallet,2841,3011,0.6,
KomodoPlatform/komodo-wallet,2879,2888,0.6,
KomodoPlatform/komodo-wallet,2647,2779,0.3,
KomodoPlatform/komodo-wallet,2810,2812,0.25,
KomodoPlatform/komodo-wallet,2642,2907,0.2,
KomodoPlatform/komodo-wallet,2841,2878,0.5,
KomodoPlatform/komodo-wallet,2648,3011,0.4,
KomodoPlatform/komodo-wallet,2868,2878,0.3,
KomodoPlatform/komodo-wallet,2642,2952,0.15,
KomodoPlatform/komodo-wallet,2879,2947,0.5,
KomodoPlatform/komodo-wallet,2647,2858,0.35,
KomodoPlatform/komodo-wallet,2639,2841,0.4,
KomodoPlatform/komodo-wallet,2642,2819,0.2,
KomodoPlatform/komodo-wallet,2845,2878,0.08,
KomodoPlatform/komodo-wallet,2878,2889,0.18,
KomodoPlatform/komodo-wallet,2675,2925,0.25,
KomodoPlatform/komodo-wallet,2709,2826,0.08,
KomodoPlatform/komodo-wallet,2732,2735,0.12,
KomodoPlatform/komodo-wallet,2835,2838,0.22,
KomodoPlatform/komodo-wallet,2647,2809,0.08,
KomodoPlatform/komodo-wallet,2709,2839,0.18,
KomodoPlatform/komodo-wallet,2810,2811,0.18,
KomodoPlatform/komodo-wallet,2696,2870,0.08,
KomodoPlatform/komodo-wallet,2878,2979,0.1,
KomodoPlatform/komodo-wallet,2655,2669,0.05,
KomodoPlatform/komodo-wallet,2647,2734,0.1,
KomodoPlatform/komodo-wallet,2750,2864,0.05,
KomodoPlatform/komodo-wallet,2648,2708,0.1,
KomodoPlatform/komodo-wallet,2810,2823,0.1,
KomodoPlatform/komodo-wallet,2647,2812,0.12,
KomodoPlatform/komodo-wallet,2806,2968,0.15,
KomodoPlatform/komodo-wallet,2704,2813,0.1,
KomodoPlatform/komodo-wallet,2845,2873,0.18,
KomodoPlatform/komodo-wallet,2811,2822,0.15,
KomodoPlatform/komodo-wallet,2807,2819,0.88,
KomodoPlatform/komodo-wallet,2647,2790,0.12,
KomodoPlatform/komodo-wallet,2790,2823,0.08,
KomodoPlatform/komodo-wallet,2647,2933,0.15,
KomodoPlatform/komodo-wallet,2841,2952,0.35,
KomodoPlatform/komodo-wallet,2810,2838,0.12,
KomodoPlatform/komodo-wallet,2648,3021,0.48,
KomodoPlatform/komodo-wallet,2888,2889,0.28,
KomodoPlatform/komodo-wallet,2642,2824,0.08,
KomodoPlatform/komodo-wallet,2648,2913,0.2,
KomodoPlatform/komodo-wallet,2758,2841,0.25,
KomodoPlatform/komodo-wallet,2809,2837,0.25,
KomodoPlatform/komodo-wallet,2704,2778,0.1,
KomodoPlatform/komodo-wallet,2639,2856,0.15,
KomodoPlatform/komodo-wallet,2639,2845,0.6,
KomodoPlatform/komodo-wallet,2662,2857,0.5,
KomodoPlatform/komodo-wallet,3011,3018,0.15,
KomodoPlatform/komodo-wallet,2704,2864,0.15,
KomodoPlatform/komodo-wallet,2792,2811,0.2,
KomodoPlatform/komodo-wallet,2704,2955,0.05,
KomodoPlatform/komodo-wallet,2704,2898,0.05,
KomodoPlatform/komodo-wallet,2750,2899,0.15,
KomodoPlatform/komodo-wallet,2792,2858,0.12,
KomodoPlatform/komodo-wallet,2647,3004,0.1,
KomodoPlatform/komodo-wallet,2847,2867,0.5,
KomodoPlatform/komodo-wallet,2845,2866,0.15,
KomodoPlatform/komodo-wallet,2704,2805,0.05,
KomodoPlatform/komodo-wallet,2642,2696,0.05,
KomodoPlatform/komodo-wallet,2709,3017,0.05,
KomodoPlatform/komodo-wallet,2647,2787,0.3,
KomodoPlatform/komodo-wallet,2648,2856,0.35,
KomodoPlatform/komodo-wallet,2696,2952,0.2,
KomodoPlatform/komodo-wallet,2704,3013,0.15,
KomodoPlatform/komodo-wallet,2709,2908,0.2,
KomodoPlatform/komodo-wallet,2648,2973,0.4,
KomodoPlatform/komodo-wallet,2655,2682,0.1,
KomodoPlatform/komodo-wallet,2675,2992,0.4,
KomodoPlatform/komodo-wallet,2648,2844,0.35,
KomodoPlatform/komodo-wallet,2662,2821,0.6,
KomodoPlatform/komodo-wallet,2898,2899,0.1,
KomodoPlatform/komodo-wallet,2750,2791,0.08,
KomodoPlatform/komodo-wallet,2648,2889,0.5,
KomodoPlatform/komodo-wallet,2675,2894,0.7,
KomodoPlatform/komodo-wallet,2709,2731,0.35,
KomodoPlatform/komodo-wallet,2675,2874,0.4,
KomodoPlatform/komodo-wallet,2647,2913,0.12,
KomodoPlatform/komodo-wallet,2639,2750,0.2,
KomodoPlatform/komodo-wallet,2758,2854,0.08,
KomodoPlatform/komodo-wallet,2809,2864,0.2,
KomodoPlatform/komodo-wallet,2675,3004,0.15,
KomodoPlatform/komodo-wallet,2750,2904,0.35,
KomodoPlatform/komodo-wallet,2807,2841,0.85,
KomodoPlatform/komodo-wallet,2835,2839,0.03,
KomodoPlatform/komodo-wallet,2651,2653,0.28,
KomodoPlatform/komodo-wallet,2642,2779,0.03,
KomodoPlatform/komodo-wallet,2807,2855,0.1,
KomodoPlatform/komodo-wallet,2892,2901,0.03,
KomodoPlatform/komodo-wallet,2648,2847,0.47,
KomodoPlatform/komodo-wallet,2792,2806,0.5,
KomodoPlatform/komodo-wallet,2790,2807,0.15,
KomodoPlatform/komodo-wallet,2639,2826,0.1,
KomodoPlatform/komodo-wallet,2878,2908,0.2,
KomodoPlatform/komodo-wallet,2892,2933,0.15,
KomodoPlatform/komodo-wallet,2841,2858,0.25,
KomodoPlatform/komodo-wallet,2810,2879,0.4,
KomodoPlatform/komodo-wallet,2847,2866,0.1,
KomodoPlatform/komodo-wallet,2856,2857,0.3,
KomodoPlatform/komodo-wallet,2675,2807,0.35,
KomodoPlatform/komodo-wallet,2955,2968,0.15,
KomodoPlatform/komodo-wallet,2841,2860,0.35,
KomodoPlatform/komodo-wallet,2792,2839,0.2,
KomodoPlatform/komodo-wallet,2639,2878,0.35,
KomodoPlatform/komodo-wallet,2662,2704,0.05,
KomodoPlatform/komodo-wallet,2845,2860,0.4,
KomodoPlatform/komodo-wallet,2639,2669,0.4,
KomodoPlatform/komodo-wallet,2878,2927,0.2,
KomodoPlatform/komodo-wallet,2647,2841,0.85,
KomodoPlatform/komodo-wallet,2642,2810,0.05,
KomodoPlatform/komodo-wallet,2704,2893,0.1,
KomodoPlatform/komodo-wallet,2811,2826,0.1,
KomodoPlatform/komodo-wallet,2892,2907,0.15,
KomodoPlatform/komodo-wallet,2841,2844,0.08,
KomodoPlatform/komodo-wallet,2675,2759,0.55,
KomodoPlatform/komodo-wallet,2647,2928,0.12,
KomodoPlatform/komodo-wallet,2675,2927,0.2,
KomodoPlatform/komodo-wallet,2841,2968,0.12,
KomodoPlatform/komodo-wallet,2648,2791,0.28,
KomodoPlatform/komodo-wallet,2675,2879,0.2,
KomodoPlatform/komodo-wallet,2704,2867,0.05,
KomodoPlatform/komodo-wallet,2792,2820,0.15,
KomodoPlatform/komodo-wallet,2675,3018,0.25,
KomodoPlatform/komodo-wallet,2696,2855,0.12,
KomodoPlatform/komodo-wallet,2809,2821,0.18,
KomodoPlatform/komodo-wallet,2662,2789,0.6,
KomodoPlatform/komodo-wallet,2908,2916,0.12,
KomodoPlatform/komodo-wallet,2806,3011,0.3,
KomodoPlatform/komodo-wallet,2662,3017,0.12,
KomodoPlatform/komodo-wallet,2792,2910,0.1,
KomodoPlatform/komodo-wallet,2662,2872,0.35,
KomodoPlatform/komodo-wallet,2878,2955,0.15,
KomodoPlatform/komodo-wallet,2648,2821,0.3,
KomodoPlatform/komodo-wallet,2809,2872,0.08,
KomodoPlatform/komodo-wallet,2704,2967,0.12,
KomodoPlatform/komodo-wallet,2879,2955,0.35,
MCPJam/inspector,191,192,0.8,
MCPJam/inspector,192,194,0.55,
MCPJam/inspector,191,193,0.75,
MCPJam/inspector,193,194,0.65,
MCPJam/inspector,190,192,0.75,
MCPJam/inspector,190,194,0.95,
MCPJam/inspector,191,194,0.6,
MCPJam/inspector,190,193,0.95,
MCPJam/inspector,190,191,0.8,
MCPJam/inspector,192,193,0.7,
MaestroError/LarAgent,56,57,0.75,
MaestroError/LarAgent,42,43,0.7,
MaestroError/LarAgent,41,43,0.25,
MaestroError/LarAgent,54,55,0.8,
MaestroError/LarAgent,41,42,0.35,
MaestroError/LarAgent,55,57,0.5,
MaestroError/LarAgent,55,56,0.8,
MetaMask/metamask-extension,34098,34489,0.15,
MontrealAI/AGI-Alpha-Agent-v0,654,1827,0.25,
MontrealAI/AGI-Alpha-Agent-v0,147,179,0.2,
MontrealAI/AGI-Alpha-Agent-v0,157,2687,0.4,
MontrealAI/AGI-Alpha-Agent-v0,191,1130,0.55,
MontrealAI/AGI-Alpha-Agent-v0,1936,2844,0.1,
MontrealAI/AGI-Alpha-Agent-v0,443,1776,0.2,
MontrealAI/AGI-Alpha-Agent-v0,554,991,0.05,
MontrealAI/AGI-Alpha-Agent-v0,181,1725,0.3,
MontrealAI/AGI-Alpha-Agent-v0,159,1603,0.2,
MontrealAI/AGI-Alpha-Agent-v0,150,2433,0.85,
MontrealAI/AGI-Alpha-Agent-v0,186,359,0.35,
MontrealAI/AGI-Alpha-Agent-v0,163,2057,0.75,
MontrealAI/AGI-Alpha-Agent-v0,191,1202,0.45,
MontrealAI/AGI-Alpha-Agent-v0,480,2461,0.25,
MontrealAI/AGI-Alpha-Agent-v0,144,1826,0.8,
MontrealAI/AGI-Alpha-Agent-v0,196,3666,0.75,
MontrealAI/AGI-Alpha-Agent-v0,654,952,0.25,
MontrealAI/AGI-Alpha-Agent-v0,1031,1137,0.25,
MontrealAI/AGI-Alpha-Agent-v0,157,1652,0.2,
MontrealAI/AGI-Alpha-Agent-v0,615,1487,0.15,
MontrealAI/AGI-Alpha-Agent-v0,1823,2909,0.3,
MontrealAI/AGI-Alpha-Agent-v0,159,2397,0.75,
MontrealAI/AGI-Alpha-Agent-v0,150,2114,0.25,
MontrealAI/AGI-Alpha-Agent-v0,193,3285,0.7,
MontrealAI/AGI-Alpha-Agent-v0,1823,3301,0.2,
MontrealAI/AGI-Alpha-Agent-v0,153,920,0.15,
MontrealAI/AGI-Alpha-Agent-v0,196,3526,0.4,
MontrealAI/AGI-Alpha-Agent-v0,196,1486,0.12,
MontrealAI/AGI-Alpha-Agent-v0,331,2369,0.22,
MontrealAI/AGI-Alpha-Agent-v0,190,3811,0.32,
MontrealAI/AGI-Alpha-Agent-v0,181,2102,0.28,
MontrealAI/AGI-Alpha-Agent-v0,185,3475,0.12,
MontrealAI/AGI-Alpha-Agent-v0,1883,3551,0.42,
MontrealAI/AGI-Alpha-Agent-v0,187,1699,0.32,
MontrealAI/AGI-Alpha-Agent-v0,156,3266,0.18,
MontrealAI/AGI-Alpha-Agent-v0,191,2295,0.38,
MontrealAI/AGI-Alpha-Agent-v0,149,2094,0.12,
MontrealAI/AGI-Alpha-Agent-v0,196,2513,0.15,
MontrealAI/AGI-Alpha-Agent-v0,617,1830,0.12,
MontrealAI/AGI-Alpha-Agent-v0,3028,3212,0.4,
MontrealAI/AGI-Alpha-Agent-v0,284,358,0.15,
MontrealAI/AGI-Alpha-Agent-v0,617,1848,0.35,
MontrealAI/AGI-Alpha-Agent-v0,284,1583,0.12,
MontrealAI/AGI-Alpha-Agent-v0,183,3124,0.3,
MontrealAI/AGI-Alpha-Agent-v0,153,1449,0.25,
MontrealAI/AGI-Alpha-Agent-v0,654,1972,0.5,
MontrealAI/AGI-Alpha-Agent-v0,2133,2377,0.3,
MontrealAI/AGI-Alpha-Agent-v0,193,834,0.15,
MontrealAI/AGI-Alpha-Agent-v0,157,519,0.3,
MontrealAI/AGI-Alpha-Agent-v0,155,3197,0.65,
MontrealAI/AGI-Alpha-Agent-v0,615,708,0.1,
MontrealAI/AGI-Alpha-Agent-v0,1031,1702,0.2,
MontrealAI/AGI-Alpha-Agent-v0,513,2864,0.1,
MontrealAI/AGI-Alpha-Agent-v0,443,2250,0.25,
MontrealAI/AGI-Alpha-Agent-v0,155,1238,0.15,
MontrealAI/AGI-Alpha-Agent-v0,181,2201,0.2,
MontrealAI/AGI-Alpha-Agent-v0,617,1485,0.2,
MontrealAI/AGI-Alpha-Agent-v0,443,1596,0.15,
MontrealAI/AGI-Alpha-Agent-v0,190,2178,0.1,
MontrealAI/AGI-Alpha-Agent-v0,284,1938,0.1,
MontrealAI/AGI-Alpha-Agent-v0,443,2752,0.05,
MontrealAI/AGI-Alpha-Agent-v0,3047,3783,0.2,
MontrealAI/AGI-Alpha-Agent-v0,153,3216,0.1,
MontrealAI/AGI-Alpha-Agent-v0,1823,3803,0.35,
MontrealAI/AGI-Alpha-Agent-v0,156,3124,0.4,
MontrealAI/AGI-Alpha-Agent-v0,3228,3377,0.25,
MontrealAI/AGI-Alpha-Agent-v0,1031,1140,0.3,
MontrealAI/AGI-Alpha-Agent-v0,147,3549,0.2,
MontrealAI/AGI-Alpha-Agent-v0,513,1371,0.12,
MontrealAI/AGI-Alpha-Agent-v0,3057,3421,0.65,
MontrealAI/AGI-Alpha-Agent-v0,278,1813,0.12,
MontrealAI/AGI-Alpha-Agent-v0,196,2634,0.12,
MontrealAI/AGI-Alpha-Agent-v0,190,2436,0.1,
MontrealAI/AGI-Alpha-Agent-v0,147,1252,0.15,
MontrealAI/AGI-Alpha-Agent-v0,1883,2798,0.15,
MontrealAI/AGI-Alpha-Agent-v0,617,770,0.22,
MontrealAI/AGI-Alpha-Agent-v0,188,1754,0.3,
MontrealAI/AGI-Alpha-Agent-v0,1031,1804,0.38,
MontrealAI/AGI-Alpha-Agent-v0,284,2146,0.35,
MontrealAI/AGI-Alpha-Agent-v0,617,842,0.22,
MontrealAI/AGI-Alpha-Agent-v0,187,421,0.35,
MontrealAI/AGI-Alpha-Agent-v0,443,714,0.18,
MontrealAI/AGI-Alpha-Agent-v0,1823,1980,0.5,
MontrealAI/AGI-Alpha-Agent-v0,331,617,0.22,
MontrealAI/AGI-Alpha-Agent-v0,147,210,0.28,
MontrealAI/AGI-Alpha-Agent-v0,196,1069,0.4,
MontrealAI/AGI-Alpha-Agent-v0,155,2720,0.18,
MontrealAI/AGI-Alpha-Agent-v0,2521,2628,0.35,
MontrealAI/AGI-Alpha-Agent-v0,159,2466,0.2,
MontrealAI/AGI-Alpha-Agent-v0,157,2419,0.15,
MontrealAI/AGI-Alpha-Agent-v0,513,2511,0.3,
MontrealAI/AGI-Alpha-Agent-v0,185,2405,0.35,
MontrealAI/AGI-Alpha-Agent-v0,284,1770,0.15,
MontrealAI/AGI-Alpha-Agent-v0,2521,2867,0.35,
MontrealAI/AGI-Alpha-Agent-v0,186,3296,0.85,
MontrealAI/AGI-Alpha-Agent-v0,3106,3687,0.78,
MontrealAI/AGI-Alpha-Agent-v0,156,1000,0.12,
MontrealAI/AGI-Alpha-Agent-v0,189,1316,0.15,
MontrealAI/AGI-Alpha-Agent-v0,155,3859,0.6,
MontrealAI/AGI-Alpha-Agent-v0,189,815,0.35,
MontrealAI/AGI-Alpha-Agent-v0,186,3691,0.85,
MontrealAI/AGI-Alpha-Agent-v0,331,632,0.08,
MontrealAI/AGI-Alpha-Agent-v0,190,3521,0.3,
MontrealAI/AGI-Alpha-Agent-v0,159,838,0.45,
MontrealAI/AGI-Alpha-Agent-v0,159,1004,0.75,
MontrealAI/AGI-Alpha-Agent-v0,150,409,0.12,
MontrealAI/AGI-Alpha-Agent-v0,193,3740,0.6,
MontrealAI/AGI-Alpha-Agent-v0,194,3424,0.2,
MontrealAI/AGI-Alpha-Agent-v0,149,2797,0.12,
MontrealAI/AGI-Alpha-Agent-v0,331,2940,0.15,
MontrealAI/AGI-Alpha-Agent-v0,190,2822,0.35,
MontrealAI/AGI-Alpha-Agent-v0,331,1923,0.1,
MontrealAI/AGI-Alpha-Agent-v0,184,1267,0.45,
MontrealAI/AGI-Alpha-Agent-v0,156,2895,0.4,
MontrealAI/AGI-Alpha-Agent-v0,149,265,0.1,
MontrealAI/AGI-Alpha-Agent-v0,155,1413,0.35,
MontrealAI/AGI-Alpha-Agent-v0,183,330,0.2,
MontrealAI/AGI-Alpha-Agent-v0,195,3003,0.1,
MontrealAI/AGI-Alpha-Agent-v0,284,2774,0.4,
MontrealAI/AGI-Alpha-Agent-v0,149,2716,0.15,
MontrealAI/AGI-Alpha-Agent-v0,196,762,0.08,
MontrealAI/AGI-Alpha-Agent-v0,480,1749,0.2,
MontrealAI/AGI-Alpha-Agent-v0,513,2608,0.12,
MontrealAI/AGI-Alpha-Agent-v0,156,2722,0.25,
MontrealAI/AGI-Alpha-Agent-v0,3057,3520,0.45,
MontrealAI/AGI-Alpha-Agent-v0,163,185,0.12,
MontrealAI/AGI-Alpha-Agent-v0,3057,3753,0.65,
MontrealAI/AGI-Alpha-Agent-v0,196,1539,0.3,
MontrealAI/AGI-Alpha-Agent-v0,186,3551,0.85,
MontrealAI/AGI-Alpha-Agent-v0,150,2721,0.15,
MontrealAI/AGI-Alpha-Agent-v0,153,1906,0.3,
MontrealAI/AGI-Alpha-Agent-v0,181,1446,0.35,
MontrealAI/AGI-Alpha-Agent-v0,188,906,0.2,
MontrealAI/AGI-Alpha-Agent-v0,191,1120,0.15,
MontrealAI/AGI-Alpha-Agent-v0,185,1528,0.3,
MontrealAI/AGI-Alpha-Agent-v0,2521,3178,0.45,
MontrealAI/AGI-Alpha-Agent-v0,480,2315,0.45,
MontrealAI/AGI-Alpha-Agent-v0,480,3619,0.18,
MontrealAI/AGI-Alpha-Agent-v0,149,1161,0.12,
MontrealAI/AGI-Alpha-Agent-v0,163,2358,0.22,
MontrealAI/AGI-Alpha-Agent-v0,195,459,0.1,
MontrealAI/AGI-Alpha-Agent-v0,163,3533,0.08,
MontrealAI/AGI-Alpha-Agent-v0,186,1892,0.18,
MontrealAI/AGI-Alpha-Agent-v0,163,3687,0.68,
MontrealAI/AGI-Alpha-Agent-v0,156,1989,0.1,
MontrealAI/AGI-Alpha-Agent-v0,188,815,0.52,
MontrealAI/AGI-Alpha-Agent-v0,480,1129,0.11,
MontrealAI/AGI-Alpha-Agent-v0,513,2439,0.15,
MontrealAI/AGI-Alpha-Agent-v0,147,2225,0.48,
MontrealAI/AGI-Alpha-Agent-v0,191,2120,0.42,
MontrealAI/AGI-Alpha-Agent-v0,554,823,0.14,
MontrealAI/AGI-Alpha-Agent-v0,3052,3409,0.08,
MontrealAI/AGI-Alpha-Agent-v0,144,3412,0.23,
MontrealAI/AGI-Alpha-Agent-v0,617,3447,0.12,
MontrealAI/AGI-Alpha-Agent-v0,1031,2039,0.28,
MontrealAI/AGI-Alpha-Agent-v0,615,712,0.38,
MontrealAI/AGI-Alpha-Agent-v0,163,1248,0.26,
MontrealAI/AGI-Alpha-Agent-v0,1883,3360,0.12,
MontrealAI/AGI-Alpha-Agent-v0,144,1477,0.42,
MontrealAI/AGI-Alpha-Agent-v0,195,892,0.12,
MontrealAI/AGI-Alpha-Agent-v0,2419,2532,0.08,
MontrealAI/AGI-Alpha-Agent-v0,554,835,0.28,
MontrealAI/AGI-Alpha-Agent-v0,443,1602,0.08,
MontrealAI/AGI-Alpha-Agent-v0,1031,2396,0.32,
MontrealAI/AGI-Alpha-Agent-v0,184,1295,0.38,
MontrealAI/AGI-Alpha-Agent-v0,278,3626,0.12,
MontrealAI/AGI-Alpha-Agent-v0,480,1109,0.08,
MontrealAI/AGI-Alpha-Agent-v0,513,2344,0.12,
MontrealAI/AGI-Alpha-Agent-v0,1031,2808,0.15,
MontrealAI/AGI-Alpha-Agent-v0,183,1201,0.15,
MontrealAI/AGI-Alpha-Agent-v0,617,1639,0.05,
MontrealAI/AGI-Alpha-Agent-v0,1883,3873,0.35,
MontrealAI/AGI-Alpha-Agent-v0,185,450,0.25,
MontrealAI/AGI-Alpha-Agent-v0,513,2020,0.1,
MontrealAI/AGI-Alpha-Agent-v0,615,2109,0.08,
MontrealAI/AGI-Alpha-Agent-v0,480,3566,0.03,
MontrealAI/AGI-Alpha-Agent-v0,153,1668,0.55,
MontrealAI/AGI-Alpha-Agent-v0,443,1500,0.1,
MontrealAI/AGI-Alpha-Agent-v0,480,832,0.4,
MontrealAI/AGI-Alpha-Agent-v0,194,3877,0.12,
MontrealAI/AGI-Alpha-Agent-v0,196,2305,0.1,
MontrealAI/AGI-Alpha-Agent-v0,159,2853,0.12,
MontrealAI/AGI-Alpha-Agent-v0,194,2398,0.55,
MontrealAI/AGI-Alpha-Agent-v0,155,3177,0.4,
MontrealAI/AGI-Alpha-Agent-v0,149,2859,0.45,
MontrealAI/AGI-Alpha-Agent-v0,191,3110,0.35,
MontrealAI/AGI-Alpha-Agent-v0,187,467,0.12,
MontrealAI/AGI-Alpha-Agent-v0,149,2059,0.05,
MontrealAI/AGI-Alpha-Agent-v0,156,2121,0.15,
MontrealAI/AGI-Alpha-Agent-v0,1031,1318,0.1,
MontrealAI/AGI-Alpha-Agent-v0,513,2949,0.2,
MontrealAI/AGI-Alpha-Agent-v0,654,2519,0.05,
MontrealAI/AGI-Alpha-Agent-v0,147,2008,0.25,
MontrealAI/AGI-Alpha-Agent-v0,284,2213,0.1,
MontrealAI/AGI-Alpha-Agent-v0,284,1797,0.2,
MontrealAI/AGI-Alpha-Agent-v0,284,1033,0.3,
MontrealAI/AGI-Alpha-Agent-v0,480,1813,0.75,
MontrealAI/AGI-Alpha-Agent-v0,1950,2857,0.08,
MontrealAI/AGI-Alpha-Agent-v0,156,3587,0.2,
MontrealAI/AGI-Alpha-Agent-v0,157,2434,0.25,
NUWCDIVNPT/stig-manager,1697,1699,0.12,
NUWCDIVNPT/stig-manager,1690,1697,0.18,
NUWCDIVNPT/stig-manager,1689,1697,0.5,
NUWCDIVNPT/stig-manager,1689,1699,0.08,
NUWCDIVNPT/stig-manager,1689,1690,0.12,
NUWCDIVNPT/stig-manager,1690,1699,0.1,
NangoHQ/nango,3702,3802,0.12,
NangoHQ/nango,3696,3699,0.35,
NangoHQ/nango,3700,3740,0.35,
NangoHQ/nango,3697,3707,0.35,
NangoHQ/nango,3708,3749,0.35,
NangoHQ/nango,3747,3748,0.45,
NangoHQ/nango,3701,3706,0.35,
NangoHQ/nango,3741,3746,0.35,
NangoHQ/nango,3703,3705,0.35,
NangoHQ/nango,3740,3743,0.35,
NangoHQ/nango,3741,3748,0.45,
NangoHQ/nango,3693,3705,0.2,
NangoHQ/nango,3693,3744,0.2,
NangoHQ/nango,3698,3705,0.2,
NangoHQ/nango,3693,3700,0.2,
NangoHQ/nango,3697,3741,0.2,
NangoHQ/nango,3702,3742,0.2,
NangoHQ/nango,3698,3745,0.2,
NangoHQ/nango,3695,3701,0.2,
NangoHQ/nango,3700,3748,0.3,
NangoHQ/nango,3699,3746,0.2,
NangoHQ/nango,3741,3745,0.3,
NangoHQ/nango,3704,3708,0.3,
NangoHQ/nango,3695,3708,0.3,
NangoHQ/nango,3744,3746,0.3,
NangoHQ/nango,3741,3747,0.3,
NangoHQ/nango,3703,3748,0.3,
NangoHQ/nango,3707,3748,0.3,
NangoHQ/nango,3702,3741,0.3,
NangoHQ/nango,3696,3698,0.3,
NangoHQ/nango,3696,3697,0.3,
NangoHQ/nango,3704,3706,0.68,
NangoHQ/nango,3702,3706,0.68,
NangoHQ/nango,3696,3742,0.68,
NangoHQ/nango,3695,3698,0.68,
NangoHQ/nango,3705,3707,0.68,
NangoHQ/nango,3743,3747,0.68,
NangoHQ/nango,3706,3708,0.68,
NangoHQ/nango,3699,3802,0.65,
NangoHQ/nango,3702,3705,0.68,
NangoHQ/nango,3693,3741,0.85,
NangoHQ/nango,3749,3802,0.18,
NangoHQ/nango,3696,3747,0.1,
NangoHQ/nango,3741,3743,0.1,
NangoHQ/nango,3693,3704,0.2,
NangoHQ/nango,3700,3749,0.1,
NangoHQ/nango,3703,3802,0.15,
NangoHQ/nango,3697,3748,0.28,
NangoHQ/nango,3699,3749,0.1,
NangoHQ/nango,3697,3747,0.1,
NangoHQ/nango,3699,3700,0.1,
NangoHQ/nango,3695,3704,0.2,
NangoHQ/nango,3745,3748,0.3,
NangoHQ/nango,3699,3744,0.2,
NangoHQ/nango,3700,3708,0.2,
NangoHQ/nango,3707,3747,0.2,
NangoHQ/nango,3700,3701,0.2,
NangoHQ/nango,3707,3742,0.2,
NangoHQ/nango,3699,3740,0.2,
NangoHQ/nango,3746,3749,0.2,
NangoHQ/nango,3742,3748,0.3,
NangoHQ/nango,3706,3707,0.15,
NangoHQ/nango,3695,3703,0.15,
NangoHQ/nango,3742,3746,0.15,
NangoHQ/nango,3696,3745,0.15,
NangoHQ/nango,3700,3743,0.15,
NangoHQ/nango,3700,3746,0.15,
NangoHQ/nango,3700,3747,0.15,
NangoHQ/nango,3698,3743,0.15,
NangoHQ/nango,3740,3745,0.15,
NangoHQ/nango,3708,3741,0.15,
NangoHQ/nango,3740,3747,0.25,
NangoHQ/nango,3700,3744,0.25,
NangoHQ/nango,3706,3741,0.25,
NangoHQ/nango,3743,3746,0.25,
NangoHQ/nango,3702,3703,0.25,
NangoHQ/nango,3744,3747,0.25,
NangoHQ/nango,3706,3742,0.25,
NangoHQ/nango,3696,3740,0.25,
NangoHQ/nango,3703,3704,0.25,
NangoHQ/nango,3697,3744,0.25,
NangoHQ/nango,3697,3700,0.25,
NangoHQ/nango,3740,3744,0.15,
NangoHQ/nango,3699,3748,0.12,
NangoHQ/nango,3702,3749,0.15,
NangoHQ/nango,3708,3747,0.15,
NangoHQ/nango,3699,3706,0.15,
NangoHQ/nango,3742,3743,0.15,
NangoHQ/nango,3746,3747,0.15,
NangoHQ/nango,3743,3745,0.15,
NangoHQ/nango,3708,3802,0.15,
NangoHQ/nango,3707,3745,0.88,
NangoHQ/nango,3699,3702,0.7,
NangoHQ/nango,3699,3707,0.7,
NangoHQ/nango,3702,3740,0.7,
NangoHQ/nango,3699,3705,0.7,
NangoHQ/nango,3740,3742,0.7,
NangoHQ/nango,3697,3802,0.7,
NangoHQ/nango,3693,3701,0.7,
NangoHQ/nango,3741,3749,0.7,
NangoHQ/nango,3698,3744,0.7,
NangoHQ/nango,3695,3700,0.25,
NangoHQ/nango,3695,3705,0.25,
NangoHQ/nango,3703,3706,0.25,
NangoHQ/nango,3698,3748,0.15,
NangoHQ/nango,3699,3743,0.25,
NangoHQ/nango,3698,3747,0.25,
NangoHQ/nango,3700,3745,0.25,
NangoHQ/nango,3695,3697,0.25,
NangoHQ/nango,3699,3708,0.25,
NangoHQ/nango,3707,3743,0.25,
NangoHQ/nango,3700,3705,0.72,
NangoHQ/nango,3698,3740,0.65,
NangoHQ/nango,3695,3706,0.72,
NangoHQ/nango,3701,3704,0.72,
NangoHQ/nango,3693,3706,0.72,
NangoHQ/nango,3699,3701,0.72,
NangoHQ/nango,3745,3747,0.72,
NangoHQ/nango,3706,3745,0.72,
NangoHQ/nango,3703,3742,0.72,
NangoHQ/nango,3696,3802,0.75,
NangoHQ/nango,3698,3703,0.22,
NangoHQ/nango,3706,3749,0.18,
NangoHQ/nango,3697,3699,0.2,
NangoHQ/nango,3697,3740,0.2,
NangoHQ/nango,3696,3744,0.19,
NangoHQ/nango,3743,3749,0.25,
NangoHQ/nango,3693,3697,0.21,
NangoHQ/nango,3697,3746,0.2,
NangoHQ/nango,3707,3741,0.18,
NangoHQ/nango,3697,3701,0.2,
NangoHQ/nango,3696,3702,0.15,
NangoHQ/nango,3705,3706,0.15,
NangoHQ/nango,3748,3749,0.05,
NangoHQ/nango,3742,3744,0.08,
NangoHQ/nango,3698,3700,0.08,
NangoHQ/nango,3702,3748,0.1,
NangoHQ/nango,3699,3747,0.08,
NangoHQ/nango,3741,3802,0.4,
NangoHQ/nango,3696,3707,0.08,
NangoHQ/nango,3700,3704,0.18,
NangoHQ/nango,3695,3696,0.45,
NangoHQ/nango,3742,3802,0.48,
NangoHQ/nango,3707,3708,0.42,
NangoHQ/nango,3702,3744,0.38,
NangoHQ/nango,3702,3707,0.42,
NangoHQ/nango,3693,3699,0.42,
NangoHQ/nango,3703,3747,0.38,
NangoHQ/nango,3697,3705,0.38,
NangoHQ/nango,3699,3703,0.42,
NangoHQ/nango,3698,3699,0.42,
NangoHQ/nango,3699,3704,0.2,
NangoHQ/nango,3698,3746,0.2,
NangoHQ/nango,3702,3747,0.2,
NangoHQ/nango,3703,3741,0.2,
NangoHQ/nango,3701,3705,0.25,
NangoHQ/nango,3746,3802,0.15,
NangoHQ/nango,3693,3749,0.2,
NangoHQ/nango,3697,3742,0.2,
NangoHQ/nango,3696,3746,0.2,
NangoHQ/nango,3698,3802,0.15,
NangoHQ/nango,3701,3703,0.2,
NangoHQ/nango,3744,3748,0.2,
NangoHQ/nango,3708,3742,0.2,
NangoHQ/nango,3702,3745,0.2,
NangoHQ/nango,3744,3802,0.2,
NangoHQ/nango,3706,3743,0.2,
NangoHQ/nango,3703,3740,0.2,
NangoHQ/nango,3696,3748,0.2,
NangoHQ/nango,3701,3708,0.2,
NangoHQ/nango,3706,3746,0.2,
NangoHQ/nango,3696,3708,0.28,
NangoHQ/nango,3743,3748,0.08,
NangoHQ/nango,3703,3744,0.28,
NangoHQ/nango,3693,3703,0.28,
NangoHQ/nango,3706,3740,0.28,
NangoHQ/nango,3693,3695,0.28,
NangoHQ/nango,3697,3708,0.28,
NangoHQ/nango,3698,3708,0.28,
NangoHQ/nango,3746,3748,0.08,
NangoHQ/nango,3744,3749,0.28,
NangoHQ/nango,3697,3706,0.1,
NangoHQ/nango,3698,3704,0.1,
NangoHQ/nango,3697,3704,0.1,
NangoHQ/nango,3701,3707,0.1,
NangoHQ/nango,3747,3802,0.1,
NangoHQ/nango,3693,3743,0.1,
NangoHQ/nango,3696,3701,0.1,
NangoHQ/nango,3693,3748,0.1,
NangoHQ/nango,3703,3743,0.1,
NangoHQ/nango,3697,3743,0.1,
NangoHQ/nango,3693,3707,0.2,
NangoHQ/nango,3708,3745,0.2,
NangoHQ/nango,3703,3708,0.2,
NangoHQ/nango,3698,3742,0.2,
NangoHQ/nango,3742,3749,0.2,
NangoHQ/nango,3748,3802,0.15,
NangoHQ/nango,3708,3746,0.2,
NangoHQ/nango,3693,3698,0.45,
NangoHQ/nango,3696,3706,0.45,
ObservedObserver/streamlit-shadcn-ui,45,46,0.4,
OpenAgentsInc/openagents,1030,1031,0.95,
OpenHFT/Chronicle-Wire,1114,1117,0.1,
OpenHFT/Chronicle-Wire,1085,1086,0.95,
OpenHFT/Chronicle-Wire,1001,1008,0.2,
OpenHFT/Chronicle-Wire,1078,1085,0.1,
OpenHFT/Chronicle-Wire,1066,1071,0.25,
OpenHFT/Chronicle-Wire,1112,1117,0.1,
OpenHFT/Chronicle-Wire,1001,1006,0.35,
OpenHFT/Chronicle-Wire,1113,1117,0.1,
OpenHFT/Chronicle-Wire,1112,1118,0.15,
OpenHFT/Chronicle-Wire,1157,1160,0.15,
OpenHFT/Chronicle-Wire,1026,1027,0.4,
OpenHFT/Chronicle-Wire,1144,1149,0.15,
OpenHFT/Chronicle-Wire,1164,1168,0.08,
OpenHFT/Chronicle-Wire,1064,1069,0.45,
OpenHFT/Chronicle-Wire,1040,1042,0.5,
OpenHFT/Chronicle-Wire,1082,1086,0.3,
OpenHFT/Chronicle-Wire,1027,1029,0.6,
OpenHFT/Chronicle-Wire,1079,1082,0.75,
OpenHFT/Chronicle-Wire,1039,1044,0.35,
OpenHFT/Chronicle-Wire,1136,1137,0.12,
OpenHFT/Chronicle-Wire,1003,1006,0.18,
OpenHFT/Chronicle-Wire,1032,1034,0.22,
OpenHFT/Chronicle-Wire,1134,1137,0.68,
OpenHFT/Chronicle-Wire,1163,1165,0.58,
OpenHFT/Chronicle-Wire,1021,1024,0.62,
OpenHFT/Chronicle-Wire,1158,1159,0.12,
OpenHFT/Chronicle-Wire,1013,1014,0.82,
OpenHFT/Chronicle-Wire,1165,1166,0.08,
OpenHFT/Chronicle-Wire,1111,1115,0.52,
OpenHFT/Chronicle-Wire,1189,1194,0.08,
OpenHFT/Chronicle-Wire,1153,1154,0.05,
OpenHFT/Chronicle-Wire,1069,1070,0.7,
OpenHFT/Chronicle-Wire,1133,1137,0.75,
OpenHFT/Chronicle-Wire,1189,1190,0.1,
OpenHFT/Chronicle-Wire,1123,1126,0.45,
OpenHFT/Chronicle-Wire,1001,1007,0.35,
OpenHFT/Chronicle-Wire,1105,1107,0.15,
OpenHFT/Chronicle-Wire,1129,1130,0.4,
OpenHFT/Chronicle-Wire,1150,1155,0.2,
OpenHFT/Chronicle-Wire,1189,1192,0.08,
OpenHFT/Chronicle-Wire,1022,1028,0.2,
OpenHFT/Chronicle-Wire,1024,1027,0.12,
OpenHFT/Chronicle-Wire,1157,1162,0.08,
OpenHFT/Chronicle-Wire,1079,1084,0.18,
OpenHFT/Chronicle-Wire,1125,1130,0.35,
OpenHFT/Chronicle-Wire,1066,1069,0.3,
OpenHFT/Chronicle-Wire,1079,1086,0.18,
OpenHFT/Chronicle-Wire,1015,1017,0.12,
OpenHFT/Chronicle-Wire,1147,1149,0.35,
OpenHFT/Chronicle-Wire,1122,1124,0.2,
OpenHFT/Chronicle-Wire,1134,1136,0.25,
OpenHFT/Chronicle-Wire,1024,1025,0.15,
OpenHFT/Chronicle-Wire,1148,1149,0.25,
OpenHFT/Chronicle-Wire,1156,1158,0.2,
OpenHFT/Chronicle-Wire,1066,1068,0.15,
OpenHFT/Chronicle-Wire,1001,1005,0.3,
OpenHFT/Chronicle-Wire,1001,1003,0.4,
OpenHFT/Chronicle-Wire,1136,1141,0.75,
OpenHFT/Chronicle-Wire,1135,1137,0.2,
OpenHFT/Chronicle-Wire,1113,1114,0.15,
OpenHFT/Chronicle-Wire,1022,1024,0.1,
OpenHFT/Chronicle-Wire,1033,1035,0.05,
OpenHFT/Chronicle-Wire,1060,1061,0.5,
OpenHFT/Chronicle-Wire,1035,1037,0.05,
OpenHFT/Chronicle-Wire,1123,1128,0.12,
OpenHFT/Chronicle-Wire,1068,1071,0.2,
OpenHFT/Chronicle-Wire,1165,1168,0.05,
OpenHFT/Chronicle-Wire,1078,1083,0.1,
OpenHFT/Chronicle-Wire,1083,1087,0.95,
OpenHFT/Chronicle-Wire,1177,1179,0.25,
OpenHFT/Chronicle-Wire,1009,1017,0.1,
OpenHFT/Chronicle-Wire,1013,1017,0.1,
OpenHFT/Chronicle-Wire,1006,1008,0.25,
OpenHFT/Chronicle-Wire,1012,1016,0.15,
OpenHFT/Chronicle-Wire,1166,1167,0.35,
OpenHFT/Chronicle-Wire,1002,1004,0.2,
OpenHFT/Chronicle-Wire,1102,1107,0.1,
OpenHFT/Chronicle-Wire,1102,1104,0.15,
OpenHFT/Chronicle-Wire,1069,1071,0.45,
OpenHFT/Chronicle-Wire,1145,1149,0.15,
OpenHFT/Chronicle-Wire,1003,1004,0.55,
OpenHFT/Chronicle-Wire,1064,1072,0.55,
OpenHFT/Chronicle-Wire,1144,1145,0.75,
OpenHFT/Chronicle-Wire,1043,1045,0.9,
OpenHFT/Chronicle-Wire,1002,1005,0.4,
OpenHFT/Chronicle-Wire,1059,1061,0.65,
OpenHFT/Chronicle-Wire,1002,1008,0.2,
OpenHFT/Chronicle-Wire,1023,1026,0.8,
OpenHFT/Chronicle-Wire,1133,1136,0.45,
OpenHFT/Chronicle-Wire,1006,1007,0.45,
OpenHFT/Chronicle-Wire,1111,1116,0.2,
OpenHFT/Chronicle-Wire,1189,1191,0.15,
OpenHFT/Chronicle-Wire,1005,1006,0.25,
OpenHFT/Chronicle-Wire,1167,1168,0.25,
OpenHFT/Chronicle-Wire,1135,1136,0.5,
OpenHFT/Chronicle-Wire,1066,1072,0.4,
OpenHFT/Chronicle-Wire,1113,1118,0.2,
OpenHFT/Chronicle-Wire,1114,1118,0.15,
OpenHFT/Chronicle-Wire,1025,1027,0.15,
OpenHFT/Chronicle-Wire,1023,1025,0.08,
OpenHFT/Chronicle-Wire,1016,1017,0.08,
OpenHFT/Chronicle-Wire,1025,1028,0.35,
OpenHFT/Chronicle-Wire,1152,1154,0.08,
OpenHFT/Chronicle-Wire,1116,1117,0.4,
OpenHFT/Chronicle-Wire,1123,1130,0.12,
OpenHFT/Chronicle-Wire,1160,1161,0.15,
OpenHFT/Chronicle-Wire,1177,1180,0.45,
OpenHFT/Chronicle-Wire,1127,1128,0.12,
OpenHFT/Chronicle-Wire,1103,1107,0.08,
OpenHFT/Chronicle-Wire,1177,1182,0.15,
OpenHFT/Chronicle-Wire,1113,1119,0.2,
OpenHFT/Chronicle-Wire,1055,1056,0.3,
OpenHFT/Chronicle-Wire,1068,1069,0.75,
OpenHFT/Chronicle-Wire,1021,1022,0.8,
OpenHFT/Chronicle-Wire,1003,1005,0.25,
OpenHFT/Chronicle-Wire,1110,1113,0.7,
OpenHFT/Chronicle-Wire,1065,1072,0.45,
OpenHFT/Chronicle-Wire,1047,1048,0.85,
OpenHFT/Chronicle-Wire,1159,1160,0.25,
OpenHFT/Chronicle-Wire,1111,1114,0.05,
OpenHFT/Chronicle-Wire,1123,1127,0.15,
OpenHFT/Chronicle-Wire,1068,1072,0.35,
OpenHFT/Chronicle-Wire,1039,1042,0.1,
OpenHFT/Chronicle-Wire,1116,1119,0.15,
OpenHFT/Chronicle-Wire,1022,1025,0.4,
OpenHFT/Chronicle-Wire,1157,1159,0.08,
OpenHFT/Chronicle-Wire,1079,1083,0.2,
OpenHFT/Chronicle-Wire,1126,1130,0.25,
OpenHFT/Chronicle-Wire,1158,1161,0.08,
OpenHFT/Chronicle-Wire,1163,1164,0.25,
OpenHFT/Chronicle-Wire,1186,1193,0.1,
OpenHFT/Chronicle-Wire,1026,1029,0.3,
OpenHFT/Chronicle-Wire,1114,1115,0.4,
OpenHFT/Chronicle-Wire,1081,1087,0.25,
OpenHFT/Chronicle-Wire,1122,1128,0.2,
OpenHFT/Chronicle-Wire,1104,1107,0.15,
OpenHFT/Chronicle-Wire,1031,1032,0.7,
OpenHFT/Chronicle-Wire,1163,1169,0.08,
OpenHFT/Chronicle-Wire,1106,1107,0.2,
OpenHFT/Chronicle-Wire,1124,1125,0.95,
OpenHFT/Chronicle-Wire,1081,1084,0.15,
OpenHFT/Chronicle-Wire,1133,1134,0.2,
OpenHFT/Chronicle-Wire,1021,1026,0.7,
OpenHFT/Chronicle-Wire,1111,1119,0.1,
OpenHFT/Chronicle-Wire,1084,1086,0.95,
OpenHFT/Chronicle-Wire,1065,1068,0.25,
OpenHFT/Chronicle-Wire,1034,1035,0.08,
OpenHFT/Chronicle-Wire,1146,1149,0.12,
OpenHFT/Chronicle-Wire,1102,1105,0.15,
OpenHFT/Chronicle-Wire,1153,1155,0.05,
OpenHFT/Chronicle-Wire,1003,1007,0.15,
OpenHFT/Chronicle-Wire,1064,1070,0.45,
OpenHFT/Chronicle-Wire,1152,1155,0.08,
OpenHFT/Chronicle-Wire,1098,1099,0.55,
OpenHFT/Chronicle-Wire,1010,1012,0.1,
OpenHFT/Chronicle-Wire,1040,1044,0.2,
OpenHFT/Chronicle-Wire,1078,1079,0.9,
OpenHFT/Chronicle-Wire,1039,1040,0.3,
OpenHFT/Chronicle-Wire,1086,1087,0.85,
OpenHFT/Chronicle-Wire,1123,1125,0.15,
OpenHFT/Chronicle-Wire,1196,1198,0.05,
OpenHFT/Chronicle-Wire,1042,1044,0.4,
OpenHFT/Chronicle-Wire,1157,1158,0.2,
OpenHFT/Chronicle-Wire,1041,1045,0.15,
OpenHFT/Chronicle-Wire,1085,1087,0.95,
OpenHFT/Chronicle-Wire,1042,1043,0.95,
OpenHFT/Chronicle-Wire,1113,1115,0.35,
OpenHFT/Chronicle-Wire,1064,1065,0.95,
OpenHFT/Chronicle-Wire,1156,1160,0.15,
OpenHFT/Chronicle-Wire,1048,1049,0.3,
OpenHFT/Chronicle-Wire,1164,1169,0.1,
OpenHFT/Chronicle-Wire,1141,1142,0.85,
OpenHFT/Chronicle-Wire,1124,1130,0.2,
OpenHFT/Chronicle-Wire,1059,1060,0.5,
OpenHFT/Chronicle-Wire,1012,1013,0.45,
OpenHFT/Chronicle-Wire,1181,1182,0.15,
OpenHFT/Chronicle-Wire,1070,1072,0.3,
OpenHFT/Chronicle-Wire,1009,1014,0.45,
OpenHFT/Chronicle-Wire,1110,1115,0.4,
OpenHFT/Chronicle-Wire,1033,1034,0.2,
OpenHFT/Chronicle-Wire,1022,1029,0.35,
OpenHFT/Chronicle-Wire,1023,1024,0.55,
OpenHFT/Chronicle-Wire,1078,1082,0.25,
OpenHFT/Chronicle-Wire,1082,1083,0.15,
OpenHFT/Chronicle-Wire,1113,1116,0.4,
OpenHFT/Chronicle-Wire,1112,1115,0.55,
OpenHFT/Chronicle-Wire,1186,1192,0.6,
OpenHFT/Chronicle-Wire,1110,1118,0.25,
OpenHFT/Chronicle-Wire,1186,1191,0.6,
OpenHFT/Chronicle-Wire,1041,1042,0.12,
OpenHFT/Chronicle-Wire,1158,1160,0.1,
OpenHFT/Chronicle-Wire,1013,1016,0.18,
OpenHFT/Chronicle-Wire,1166,1169,0.22,
OpenHFT/Chronicle-Wire,1103,1104,0.25,
OpenHFT/Chronicle-Wire,1156,1162,0.12,
OpenHFT/Chronicle-Wire,1023,1027,0.38,
OpenHFT/Chronicle-Wire,1064,1066,0.95,
OpenHFT/Chronicle-Wire,1178,1182,0.12,
OpenHFT/Chronicle-Wire,1111,1112,0.22,
OpenHFT/Chronicle-Wire,1144,1148,0.08,
OpenHFT/Java-Runtime-Compiler,154,157,0.1,
OpenHFT/Java-Runtime-Compiler,156,158,0.12,
OpenHFT/Java-Runtime-Compiler,154,156,0.08,
OpenHFT/Java-Runtime-Compiler,157,158,0.1,
OpenHFT/Java-Runtime-Compiler,156,157,0.08,
OpenHFT/Java-Runtime-Compiler,154,155,0.08,
OpenHFT/Java-Runtime-Compiler,154,158,0.1,
OpenHFT/Java-Runtime-Compiler,155,158,0.15,
OpenHFT/Java-Runtime-Compiler,155,156,0.08,
OpenHFT/Java-Runtime-Compiler,149,150,0.15,
OpenHFT/Java-Runtime-Compiler,155,157,0.1,
OpenRouterTeam/ai-sdk-provider,77,92,0.55,
OpenRouterTeam/ai-sdk-provider,77,88,0.7,
OpenRouterTeam/ai-sdk-provider,76,88,0.25,
OpenRouterTeam/ai-sdk-provider,77,90,0.65,
OpenRouterTeam/ai-sdk-provider,88,92,0.65,
OpenRouterTeam/ai-sdk-provider,76,92,0.8,
OpenRouterTeam/ai-sdk-provider,76,90,0.4,
OpenRouterTeam/ai-sdk-provider,76,77,0.65,
OpenRouterTeam/ai-sdk-provider,88,90,0.65,
OrchardCMS/OrchardCore,18179,18184,0.45,
PRQL/prql,5287,5289,0.8,
PRQL/prql,5286,5287,0.08,
PRQL/prql,5286,5289,0.08,
PRQL/prql,5286,5290,0.15,
PRQL/prql,5289,5290,0.1,
Particular/docs.particular.net,7509,7510,0.4,
PopupMaker/Popup-Maker,1097,1098,0.2,
PopupMaker/Popup-Maker,1096,1098,0.9,
PopupMaker/Popup-Maker,1096,1097,0.2,
PyLabRobot/pylabrobot,549,572,0.08,
PyLabRobot/pylabrobot,537,551,0.08,
PyLabRobot/pylabrobot,537,549,0.08,
PyLabRobot/pylabrobot,549,578,0.28,
PyLabRobot/pylabrobot,536,538,0.08,
PyLabRobot/pylabrobot,569,571,0.18,
PyLabRobot/pylabrobot,568,576,0.45,
PyLabRobot/pylabrobot,549,573,0.25,
PyLabRobot/pylabrobot,549,568,0.08,
PyLabRobot/pylabrobot,536,539,0.05,
PyLabRobot/pylabrobot,569,573,0.1,
PyLabRobot/pylabrobot,568,575,0.35,
PyLabRobot/pylabrobot,568,571,0.05,
PyLabRobot/pylabrobot,549,575,0.05,
PyLabRobot/pylabrobot,537,561,0.2,
PyLabRobot/pylabrobot,537,541,0.05,
PyLabRobot/pylabrobot,549,559,0.05,
PyLabRobot/pylabrobot,616,621,0.15,
PyLabRobot/pylabrobot,626,627,0.15,
PyLabRobot/pylabrobot,568,572,0.05,
PyLabRobot/pylabrobot,537,560,0.18,
PyLabRobot/pylabrobot,569,572,0.05,
PyLabRobot/pylabrobot,568,573,0.08,
PyLabRobot/pylabrobot,549,560,0.1,
PyLabRobot/pylabrobot,549,582,0.05,
PyLabRobot/pylabrobot,559,561,0.05,
PyLabRobot/pylabrobot,616,618,0.6,
PyLabRobot/pylabrobot,536,545,0.05,
PyLabRobot/pylabrobot,537,559,0.05,
PyLabRobot/pylabrobot,549,571,0.45,
PyLabRobot/pylabrobot,537,539,0.2,
PyLabRobot/pylabrobot,559,560,0.35,
PyLabRobot/pylabrobot,575,576,0.65,
PyLabRobot/pylabrobot,623,634,0.4,
PyLabRobot/pylabrobot,536,537,0.15,
PyLabRobot/pylabrobot,549,551,0.45,
PyLabRobot/pylabrobot,549,576,0.15,
PyLabRobot/pylabrobot,568,569,0.75,
PyLabRobot/pylabrobot,536,541,0.3,
PyLabRobot/pylabrobot,549,569,0.15,
PyLabRobot/pylabrobot,569,575,0.4,
PyLabRobot/pylabrobot,560,561,0.28,
PyLabRobot/pylabrobot,549,561,0.12,
PyLabRobot/pylabrobot,537,545,0.48,
PyLabRobot/pylabrobot,569,576,0.38,
PyLabRobot/pylabrobot,623,626,0.08,
PyLabRobot/pylabrobot,537,538,0.1,
PyLabRobot/pylabrobot,529,530,0.18,
PyLabRobot/pylabrobot,623,627,0.58,
PyLabRobot/pylabrobot,616,620,0.12,
PyO3/maturin,2675,2681,0.3,
PyO3/maturin,2672,2674,0.45,
QL-Win/QuickLook,1712,1713,0.22,
RSamaium/RPG-JS,294,295,0.17,
RevenueCat/purchases-android,2516,2549,0.08,
RevenueCat/purchases-android,2490,2516,0.55,
RevenueCat/purchases-android,2463,2516,0.18,
RevenueCat/purchases-android,2463,2549,0.08,
RevenueCat/purchases-android,2463,2490,0.3,
RevenueCat/purchases-android,2490,2549,0.15,
RyanSusana/elepy,181,182,0.98,
StarRocks/starrocks,61244,61248,0.05,
StarRocks/starrocks,61394,61403,0.85,
StarRocks/starrocks,61224,61244,0.05,
StarRocks/starrocks,61248,61403,0.1,
StarRocks/starrocks,61224,61227,0.02,
StarRocks/starrocks,61248,61394,0.08,
StarRocks/starrocks,61219,61227,0.05,
StarRocks/starrocks,61244,61394,0.08,
StarRocks/starrocks,61244,61403,0.08,
StarRocks/starrocks,61219,61244,0.03,
StarRocks/starrocks,61219,61224,0.01,
StarRocks/starrocks,61219,61248,0.01,
StephenDev0/StikDebug,232,233,0.2,
StephenDev0/StikDebug,229,232,0.65,
StephenDev0/StikDebug,204,206,0.12,
Stirling-Tools/Stirling-PDF,3989,3992,0.05,
Stirling-Tools/Stirling-PDF,3989,3990,0.12,
Stirling-Tools/Stirling-PDF,3622,3989,0.08,
Stirling-Tools/Stirling-PDF,3989,3993,0.08,
Stirling-Tools/Stirling-PDF,3556,3557,0.08,
Stirling-Tools/Stirling-PDF,3992,3993,0.05,
Stirling-Tools/Stirling-PDF,3990,3992,0.05,
Stirling-Tools/Stirling-PDF,3555,3557,0.12,
Stirling-Tools/Stirling-PDF,3622,3992,0.08,
Stirling-Tools/Stirling-PDF,3622,3993,0.05,
Stirling-Tools/Stirling-PDF,3621,3622,0.75,
Stirling-Tools/Stirling-PDF,3555,3556,0.05,
Stirling-Tools/Stirling-PDF,3622,3990,0.05,
Stirling-Tools/Stirling-PDF,3990,3993,0.12,
Stratus-Security/Subdominator,13,14,0.18,
Sumukh/Ignite,508,509,0.06,
Tencent/ncnn,6182,6204,0.38,
VerisimilitudeX/DNAnalyzer,518,530,0.4,
VerisimilitudeX/DNAnalyzer,517,529,0.42,
VerisimilitudeX/DNAnalyzer,518,540,0.42,
VerisimilitudeX/DNAnalyzer,517,539,0.28,
VerisimilitudeX/DNAnalyzer,517,526,0.45,
VerisimilitudeX/DNAnalyzer,514,525,0.65,
VerisimilitudeX/DNAnalyzer,508,536,0.7,
VerisimilitudeX/DNAnalyzer,514,535,0.35,
VerisimilitudeX/DNAnalyzer,514,543,0.3,
VerisimilitudeX/DNAnalyzer,514,538,0.25,
VerisimilitudeX/DNAnalyzer,526,535,0.6,
VerisimilitudeX/DNAnalyzer,508,538,0.5,
VerisimilitudeX/DNAnalyzer,514,530,0.6,
VerisimilitudeX/DNAnalyzer,508,515,0.55,
VerisimilitudeX/DNAnalyzer,510,534,0.28,
VerisimilitudeX/DNAnalyzer,510,537,0.75,
VerisimilitudeX/DNAnalyzer,515,530,0.55,
VerisimilitudeX/DNAnalyzer,510,513,0.48,
VerisimilitudeX/DNAnalyzer,516,521,0.52,
VerisimilitudeX/DNAnalyzer,516,535,0.5,
VerisimilitudeX/DNAnalyzer,536,538,0.3,
VerisimilitudeX/DNAnalyzer,526,536,0.4,
VerisimilitudeX/DNAnalyzer,532,539,0.32,
VerisimilitudeX/DNAnalyzer,510,539,0.55,
VerisimilitudeX/DNAnalyzer,510,530,0.6,
VerisimilitudeX/DNAnalyzer,508,534,0.45,
VerisimilitudeX/DNAnalyzer,510,529,0.9,
VerisimilitudeX/DNAnalyzer,516,520,0.5,
VerisimilitudeX/DNAnalyzer,510,516,0.45,
VerisimilitudeX/DNAnalyzer,537,540,0.65,
VerisimilitudeX/DNAnalyzer,518,537,0.5,
VerisimilitudeX/DNAnalyzer,532,534,0.5,
VerisimilitudeX/DNAnalyzer,526,529,0.45,
VerisimilitudeX/DNAnalyzer,510,524,0.85,
VerisimilitudeX/DNAnalyzer,514,528,0.55,
VerisimilitudeX/DNAnalyzer,515,517,0.5,
VerisimilitudeX/DNAnalyzer,508,517,0.4,
VerisimilitudeX/DNAnalyzer,516,536,0.58,
VerisimilitudeX/DNAnalyzer,510,514,0.45,
VerisimilitudeX/DNAnalyzer,516,537,0.45,
VerisimilitudeX/DNAnalyzer,508,539,0.4,
VerisimilitudeX/DNAnalyzer,515,528,0.35,
VerisimilitudeX/DNAnalyzer,532,535,0.25,
VerisimilitudeX/DNAnalyzer,517,528,0.3,
VerisimilitudeX/DNAnalyzer,510,525,0.52,
VerisimilitudeX/DNAnalyzer,523,543,0.25,
VerisimilitudeX/DNAnalyzer,508,520,0.92,
VerisimilitudeX/DNAnalyzer,516,538,0.48,
VerisimilitudeX/DNAnalyzer,517,527,0.82,
VerisimilitudeX/DNAnalyzer,536,540,0.72,
VerisimilitudeX/DNAnalyzer,523,539,0.58,
VerisimilitudeX/DNAnalyzer,515,532,0.52,
VerisimilitudeX/DNAnalyzer,537,539,0.88,
VerisimilitudeX/DNAnalyzer,516,526,0.88,
VerisimilitudeX/DNAnalyzer,510,517,0.73,
VerisimilitudeX/DNAnalyzer,517,530,0.84,
VerisimilitudeX/DNAnalyzer,518,526,0.65,
VerisimilitudeX/DNAnalyzer,510,526,0.6,
VerisimilitudeX/DNAnalyzer,514,518,0.98,
VerisimilitudeX/DNAnalyzer,539,540,0.5,
VerisimilitudeX/DNAnalyzer,517,521,0.4,
VerisimilitudeX/DNAnalyzer,526,540,0.5,
VerisimilitudeX/DNAnalyzer,508,513,0.55,
VerisimilitudeX/DNAnalyzer,510,536,0.6,
VerisimilitudeX/DNAnalyzer,508,529,0.6,
VerisimilitudeX/DNAnalyzer,523,524,0.35,
VerisimilitudeX/DNAnalyzer,517,523,0.55,
VerisimilitudeX/DNAnalyzer,516,525,0.8,
VerisimilitudeX/DNAnalyzer,508,519,0.72,
VerisimilitudeX/DNAnalyzer,510,535,0.55,
VerisimilitudeX/DNAnalyzer,508,521,0.65,
VerisimilitudeX/DNAnalyzer,514,516,0.7,
VerisimilitudeX/DNAnalyzer,529,532,0.35,
VerisimilitudeX/DNAnalyzer,510,543,0.72,
VerisimilitudeX/DNAnalyzer,516,518,0.78,
VerisimilitudeX/DNAnalyzer,516,519,0.92,
VerisimilitudeX/DNAnalyzer,518,524,0.35,
VerisimilitudeX/DNAnalyzer,514,524,0.35,
VerisimilitudeX/DNAnalyzer,523,532,0.15,
VerisimilitudeX/DNAnalyzer,514,537,0.4,
VerisimilitudeX/DNAnalyzer,516,517,0.45,
VerisimilitudeX/DNAnalyzer,515,538,0.25,
VerisimilitudeX/DNAnalyzer,510,532,0.2,
VerisimilitudeX/DNAnalyzer,508,524,0.7,
VerisimilitudeX/DNAnalyzer,515,539,0.45,
VerisimilitudeX/DNAnalyzer,514,527,0.55,
VerisimilitudeX/DNAnalyzer,516,523,0.65,
VerisimilitudeX/DNAnalyzer,516,530,0.72,
VerisimilitudeX/DNAnalyzer,508,537,0.75,
VerisimilitudeX/DNAnalyzer,516,534,0.62,
VerisimilitudeX/DNAnalyzer,526,527,0.78,
VerisimilitudeX/DNAnalyzer,517,540,0.55,
VerisimilitudeX/DNAnalyzer,523,536,0.68,
VerisimilitudeX/DNAnalyzer,517,537,0.8,
VerisimilitudeX/DNAnalyzer,523,537,0.62,
VerisimilitudeX/DNAnalyzer,510,521,0.92,
VerisimilitudeX/DNAnalyzer,515,516,0.8,
VerisimilitudeX/DNAnalyzer,510,519,0.8,
VerisimilitudeX/DNAnalyzer,515,523,0.45,
VerisimilitudeX/DNAnalyzer,538,540,0.35,
VerisimilitudeX/DNAnalyzer,508,518,0.65,
VerisimilitudeX/DNAnalyzer,517,536,0.55,
VerisimilitudeX/DNAnalyzer,518,521,0.7,
VerisimilitudeX/DNAnalyzer,532,536,0.35,
VerisimilitudeX/DNAnalyzer,517,544,0.5,
VerisimilitudeX/DNAnalyzer,518,535,0.55,
VerisimilitudeX/DNAnalyzer,515,537,0.7,
VerisimilitudeX/DNAnalyzer,508,525,0.85,
VerisimilitudeX/DNAnalyzer,526,532,0.35,
VerisimilitudeX/DNAnalyzer,508,511,0.55,
VerisimilitudeX/DNAnalyzer,517,524,0.65,
VerisimilitudeX/DNAnalyzer,515,535,0.45,
VerisimilitudeX/DNAnalyzer,516,543,0.5,
VerisimilitudeX/DNAnalyzer,515,521,0.7,
VerisimilitudeX/DNAnalyzer,538,539,0.35,
VerisimilitudeX/DNAnalyzer,514,515,0.65,
VerisimilitudeX/DNAnalyzer,517,534,0.3,
VerisimilitudeX/DNAnalyzer,515,526,0.45,
VerisimilitudeX/DNAnalyzer,508,544,0.4,
VerisimilitudeX/DNAnalyzer,515,544,0.35,
VerisimilitudeX/DNAnalyzer,523,530,0.3,
VerisimilitudeX/DNAnalyzer,532,540,0.2,
VerisimilitudeX/DNAnalyzer,532,544,0.3,
VerisimilitudeX/DNAnalyzer,514,529,0.45,
VerisimilitudeX/DNAnalyzer,510,511,0.55,
VerisimilitudeX/DNAnalyzer,518,528,0.4,
VerisimilitudeX/DNAnalyzer,508,535,0.7,
VerisimilitudeX/DNAnalyzer,515,540,0.75,
VerisimilitudeX/DNAnalyzer,532,543,0.35,
VerisimilitudeX/DNAnalyzer,526,530,0.55,
VerisimilitudeX/DNAnalyzer,508,509,0.85,
VerisimilitudeX/DNAnalyzer,523,528,0.25,
VerisimilitudeX/DNAnalyzer,526,528,0.45,
VerisimilitudeX/DNAnalyzer,523,525,0.35,
VerisimilitudeX/DNAnalyzer,514,523,0.5,
VerisimilitudeX/DNAnalyzer,510,523,0.4,
VerisimilitudeX/DNAnalyzer,523,527,0.8,
VerisimilitudeX/DNAnalyzer,523,544,0.2,
VerisimilitudeX/DNAnalyzer,515,518,0.7,
VerisimilitudeX/DNAnalyzer,508,527,0.35,
VerisimilitudeX/DNAnalyzer,516,529,0.45,
VerisimilitudeX/DNAnalyzer,518,534,0.25,
VerisimilitudeX/DNAnalyzer,516,539,0.55,
VerisimilitudeX/DNAnalyzer,526,544,0.7,
VerisimilitudeX/DNAnalyzer,508,514,0.4,
VerisimilitudeX/DNAnalyzer,518,525,0.6,
VerisimilitudeX/DNAnalyzer,518,527,0.7,
VerisimilitudeX/DNAnalyzer,518,532,0.25,
VerisimilitudeX/DNAnalyzer,517,543,0.55,
VerisimilitudeX/DNAnalyzer,517,538,0.3,
VerisimilitudeX/DNAnalyzer,508,540,0.7,
VerisimilitudeX/DNAnalyzer,526,539,0.6,
VerisimilitudeX/DNAnalyzer,523,538,0.2,
VerisimilitudeX/DNAnalyzer,516,528,0.7,
VerisimilitudeX/DNAnalyzer,515,543,0.5,
VerisimilitudeX/DNAnalyzer,508,516,0.75,
VerisimilitudeX/DNAnalyzer,516,532,0.3,
VerisimilitudeX/DNAnalyzer,518,529,0.55,
VerisimilitudeX/DNAnalyzer,514,520,0.4,
VerisimilitudeX/DNAnalyzer,515,524,0.7,
VerisimilitudeX/DNAnalyzer,515,525,0.7,
VerisimilitudeX/DNAnalyzer,508,510,0.5,
VerisimilitudeX/DNAnalyzer,517,532,0.15,
VerisimilitudeX/DNAnalyzer,514,539,0.4,
VerisimilitudeX/DNAnalyzer,514,521,0.5,
VerisimilitudeX/DNAnalyzer,508,530,0.6,
VerisimilitudeX/DNAnalyzer,523,534,0.15,
VerisimilitudeX/DNAnalyzer,516,544,0.45,
VerisimilitudeX/DNAnalyzer,514,517,0.35,
VerisimilitudeX/DNAnalyzer,517,520,0.95,
VerisimilitudeX/DNAnalyzer,526,534,0.3,
VerisimilitudeX/DNAnalyzer,518,523,0.2,
VerisimilitudeX/DNAnalyzer,532,537,0.35,
VerisimilitudeX/DNAnalyzer,508,543,0.2,
VerisimilitudeX/DNAnalyzer,515,534,0.3,
VerisimilitudeX/DNAnalyzer,510,520,0.4,
VerisimilitudeX/DNAnalyzer,514,519,0.75,
VerisimilitudeX/DNAnalyzer,529,530,0.75,
VerisimilitudeX/DNAnalyzer,526,537,0.8,
VerisimilitudeX/DNAnalyzer,518,536,0.7,
VerisimilitudeX/DNAnalyzer,517,519,0.55,
VerisimilitudeX/DNAnalyzer,518,539,0.75,
VerisimilitudeX/DNAnalyzer,514,534,0.5,
VerisimilitudeX/DNAnalyzer,523,540,0.4,
VerisimilitudeX/DNAnalyzer,518,519,0.75,
VerisimilitudeX/DNAnalyzer,510,538,0.35,
VerisimilitudeX/DNAnalyzer,523,535,0.3,
VerisimilitudeX/DNAnalyzer,536,539,0.8,
VerisimilitudeX/DNAnalyzer,514,536,0.12,
VerisimilitudeX/DNAnalyzer,515,519,0.55,
VerisimilitudeX/DNAnalyzer,537,538,0.12,
VerisimilitudeX/DNAnalyzer,515,529,0.85,
VerisimilitudeX/DNAnalyzer,516,527,0.45,
VerisimilitudeX/DNAnalyzer,518,544,0.25,
VerisimilitudeX/DNAnalyzer,532,538,0.12,
VerisimilitudeX/DNAnalyzer,510,527,0.5,
VerisimilitudeX/DNAnalyzer,508,532,0.2,
VerisimilitudeX/DNAnalyzer,515,536,0.65,
VerisimilitudeX/DNAnalyzer,514,544,0.25,
VerisimilitudeX/DNAnalyzer,514,526,0.4,
abh/ntppool,259,261,0.08,
abh/ntppool,257,259,0.95,
abh/ntppool,254,259,0.08,
abh/ntppool,254,261,0.08,
abh/ntppool,254,257,0.08,
abh/ntppool,257,261,0.08,
abuzuhri/Amazon-SP-API-CSharp,867,871,0.7,
abuzuhri/Amazon-SP-API-CSharp,867,870,0.9,
abuzuhri/Amazon-SP-API-CSharp,867,869,0.92,
activeguild/vite-plugin-sass-dts,115,116,0.75,
activeguild/vite-plugin-sass-dts,114,116,0.6,
activeguild/vite-plugin-sass-dts,114,115,0.65,
addok/addok,892,893,0.6,
addok/addok,891,893,0.45,
addok/addok,891,892,0.5,
ag2ai/build-with-ag2,16,21,0.3,
ag2ai/build-with-ag2,8,9,0.75,
ajthinking/data-story,466,470,0.05,
ajthinking/data-story,466,468,0.05,
akto-api-security/akto,2624,2674,0.1,
akto-api-security/akto,2620,2674,0.05,
akto-api-security/akto,2620,2624,0.05,
aldinokemal/go-whatsapp-web-multidevice,334,335,0.7,
aldinokemal/go-whatsapp-web-multidevice,313,314,0.85,
angular-eslint/angular-eslint,2441,2442,0.1,
arondeparon/laravel-request-sanitizer,36,37,0.35,
arturboyun/AiogramBotTemplate,41,42,0.78,
arturboyun/AiogramBotTemplate,40,42,0.12,
arturboyun/AiogramBotTemplate,40,41,0.1,
assaydepot/red-candle,27,28,0.18,
assaydepot/red-candle,26,28,0.1,
assaydepot/red-candle,26,27,0.08,
astronomer/airflow-ai-sdk,31,36,0.82,
astronomer/airflow-ai-sdk,31,33,0.68,
astronomer/airflow-ai-sdk,31,32,0.92,
aztfmod/terraform-provider-azurecaf,312,330,0.35,
aztfmod/terraform-provider-azurecaf,302,303,0.8,
aztfmod/terraform-provider-azurecaf,322,326,0.2,
aztfmod/terraform-provider-azurecaf,335,337,0.15,
aztfmod/terraform-provider-azurecaf,312,335,0.2,
aztfmod/terraform-provider-azurecaf,312,337,0.6,
aztfmod/terraform-provider-azurecaf,312,322,0.1,
aztfmod/terraform-provider-azurecaf,309,311,0.95,
aztfmod/terraform-provider-azurecaf,302,304,0.75,
aztfmod/terraform-provider-azurecaf,309,312,0.1,
aztfmod/terraform-provider-azurecaf,328,332,0.5,
aztfmod/terraform-provider-azurecaf,312,328,0.65,
aztfmod/terraform-provider-azurecaf,312,326,0.12,
aztfmod/terraform-provider-azurecaf,328,337,0.75,
aztfmod/terraform-provider-azurecaf,328,330,0.8,
aztfmod/terraform-provider-azurecaf,303,304,0.85,
aztfmod/terraform-provider-azurecaf,301,302,0.8,
aztfmod/terraform-provider-azurecaf,328,335,0.25,
aztfmod/terraform-provider-azurecaf,312,332,0.2,
barter-rs/barter-rs,186,188,0.45,
bcherny/json-schema-to-typescript,658,663,0.1,
benbalter/jekyll-relative-links,98,100,0.15,
benbalter/jekyll-relative-links,97,98,0.35,
benbalter/jekyll-relative-links,96,98,0.6,
benbalter/jekyll-relative-links,96,100,0.2,
benbalter/jekyll-relative-links,96,97,0.5,
benbalter/jekyll-relative-links,97,100,0.15,
bentoml/BentoML,5239,5241,0.95,
bentoml/BentoML,5230,5237,0.25,
bentoml/BentoML,5230,5231,0.15,
bentoml/BentoML,5230,5239,0.1,
bentoml/BentoML,5176,5194,0.65,
bentoml/BentoML,5230,5241,0.2,
benwbrum/fromthepage,4719,4766,0.05,
benwbrum/fromthepage,4719,4791,0.05,
benwbrum/fromthepage,4789,4795,0.1,
benwbrum/fromthepage,4789,4792,0.05,
benwbrum/fromthepage,4750,4765,0.12,
benwbrum/fromthepage,4716,4720,0.12,
benwbrum/fromthepage,4696,4785,0.1,
benwbrum/fromthepage,4783,4792,0.05,
benwbrum/fromthepage,4783,4786,0.2,
benwbrum/fromthepage,4782,4793,0.15,
benwbrum/fromthepage,4696,4791,0.1,
benwbrum/fromthepage,4786,4790,0.25,
benwbrum/fromthepage,4788,4794,0.05,
benwbrum/fromthepage,4765,4786,0.2,
benwbrum/fromthepage,4788,4792,0.05,
benwbrum/fromthepage,4750,4784,0.05,
benwbrum/fromthepage,4696,4783,0.15,
benwbrum/fromthepage,4790,4795,0.1,
benwbrum/fromthepage,4765,4789,0.3,
benwbrum/fromthepage,4791,4793,0.1,
benwbrum/fromthepage,4788,4791,0.05,
benwbrum/fromthepage,4719,4720,0.45,
benwbrum/fromthepage,4789,4794,0.2,
benwbrum/fromthepage,4765,4795,0.1,
benwbrum/fromthepage,4782,4783,0.35,
benwbrum/fromthepage,4719,4792,0.12,
benwbrum/fromthepage,4792,4794,0.08,
benwbrum/fromthepage,4750,4788,0.12,
benwbrum/fromthepage,4784,4791,0.15,
benwbrum/fromthepage,4784,4792,0.05,
benwbrum/fromthepage,4719,4747,0.1,
benwbrum/fromthepage,4719,4750,0.05,
benwbrum/fromthepage,4783,4791,0.35,
benwbrum/fromthepage,4785,4791,0.15,
benwbrum/fromthepage,4696,4765,0.05,
benwbrum/fromthepage,4696,4786,0.18,
benwbrum/fromthepage,4696,4792,0.08,
benwbrum/fromthepage,4782,4791,0.38,
benwbrum/fromthepage,4750,4766,0.07,
benwbrum/fromthepage,4785,4792,0.05,
benwbrum/fromthepage,4750,4790,0.07,
benwbrum/fromthepage,4719,4785,0.05,
benwbrum/fromthepage,4696,4750,0.05,
benwbrum/fromthepage,4719,4788,0.08,
benwbrum/fromthepage,4719,4782,0.05,
benwbrum/fromthepage,4783,4790,0.05,
benwbrum/fromthepage,4696,4788,0.07,
benwbrum/fromthepage,4696,4714,0.05,
benwbrum/fromthepage,4789,4793,0.15,
benwbrum/fromthepage,4783,4784,0.1,
benwbrum/fromthepage,4790,4791,0.12,
benwbrum/fromthepage,4719,4738,0.05,
benwbrum/fromthepage,4785,4788,0.12,
benwbrum/fromthepage,4696,4794,0.28,
benwbrum/fromthepage,4785,4795,0.05,
benwbrum/fromthepage,4793,4794,0.08,
benwbrum/fromthepage,4765,4788,0.05,
benwbrum/fromthepage,4783,4789,0.2,
benwbrum/fromthepage,4719,4795,0.95,
benwbrum/fromthepage,4782,4788,0.05,
benwbrum/fromthepage,4790,4794,0.25,
benwbrum/fromthepage,4750,4794,0.05,
benwbrum/fromthepage,4786,4794,0.2,
benwbrum/fromthepage,4788,4793,0.5,
benwbrum/fromthepage,4791,4792,0.05,
benwbrum/fromthepage,4784,4785,0.05,
benwbrum/fromthepage,4765,4791,0.05,
benwbrum/fromthepage,4783,4788,0.05,
benwbrum/fromthepage,4786,4791,0.2,
benwbrum/fromthepage,4765,4794,0.05,
benwbrum/fromthepage,4719,4789,0.1,
benwbrum/fromthepage,4783,4785,0.05,
benwbrum/fromthepage,4782,4785,0.15,
benwbrum/fromthepage,4719,4742,0.1,
benwbrum/fromthepage,4786,4793,0.35,
benwbrum/fromthepage,4788,4795,0.1,
benwbrum/fromthepage,4720,4750,0.1,
benwbrum/fromthepage,4696,4747,0.1,
benwbrum/fromthepage,4696,4790,0.15,
benwbrum/fromthepage,4719,4786,0.35,
benwbrum/fromthepage,4786,4789,0.55,
benwbrum/fromthepage,4696,4716,0.05,
benwbrum/fromthepage,4794,4795,0.1,
benwbrum/fromthepage,4785,4790,0.5,
benwbrum/fromthepage,4696,4720,0.12,
benwbrum/fromthepage,4696,4789,0.25,
benwbrum/fromthepage,4784,4793,0.05,
benwbrum/fromthepage,4784,4790,0.1,
benwbrum/fromthepage,4786,4792,0.15,
benwbrum/fromthepage,4696,4742,0.1,
benwbrum/fromthepage,4790,4792,0.12,
benwbrum/fromthepage,4720,4742,0.08,
benwbrum/fromthepage,4783,4793,0.1,
benwbrum/fromthepage,4750,4791,0.15,
benwbrum/fromthepage,4782,4794,0.18,
benwbrum/fromthepage,4750,4785,0.25,
benwbrum/fromthepage,4720,4738,0.18,
benwbrum/fromthepage,4785,4793,0.1,
benwbrum/fromthepage,4792,4793,0.05,
benwbrum/fromthepage,4765,4784,0.03,
benwbrum/fromthepage,4784,4788,0.03,
benwbrum/fromthepage,4696,4697,0.15,
benwbrum/fromthepage,4790,4793,0.03,
benwbrum/fromthepage,4696,4795,0.05,
benwbrum/fromthepage,4782,4784,0.03,
benwbrum/fromthepage,4782,4792,0.03,
benwbrum/fromthepage,4696,4719,0.05,
benwbrum/fromthepage,4783,4794,0.03,
benwbrum/fromthepage,4720,4747,0.05,
benwbrum/fromthepage,4765,4792,0.1,
benwbrum/fromthepage,4696,4784,0.1,
benwbrum/fromthepage,4716,4719,0.05,
benwbrum/fromthepage,4750,4786,0.25,
benwbrum/fromthepage,4783,4795,0.05,
benwbrum/fromthepage,4784,4794,0.15,
benwbrum/fromthepage,4692,4693,0.1,
benwbrum/fromthepage,4719,4783,0.05,
benwbrum/fromthepage,4765,4766,0.25,
benwbrum/fromthepage,4782,4786,0.25,
benwbrum/fromthepage,4696,4793,0.18,
benwbrum/fromthepage,4785,4789,0.35,
benwbrum/fromthepage,4750,4783,0.08,
benwbrum/fromthepage,4719,4765,0.12,
benwbrum/fromthepage,4750,4793,0.12,
benwbrum/fromthepage,4784,4789,0.32,
benwbrum/fromthepage,4750,4782,0.07,
benwbrum/fromthepage,4719,4794,0.18,
benwbrum/fromthepage,4784,4786,0.38,
benwbrum/fromthepage,4785,4794,0.4,
benwbrum/fromthepage,4765,4782,0.1,
benwbrum/fromthepage,4696,4782,0.05,
benwbrum/fromthepage,4789,4791,0.3,
benwbrum/fromthepage,4782,4790,0.2,
benwbrum/fromthepage,4719,4790,0.1,
benwbrum/fromthepage,4719,4793,0.05,
benwbrum/fromthepage,4786,4795,0.2,
benwbrum/fromthepage,4782,4789,0.25,
benwbrum/fromthepage,4788,4789,0.08,
benwbrum/fromthepage,4696,4766,0.2,
benwbrum/fromthepage,4765,4790,0.52,
benwbrum/fromthepage,4750,4795,0.12,
benwbrum/fromthepage,4782,4795,0.08,
benwbrum/fromthepage,4719,4784,0.37,
benwbrum/fromthepage,4785,4786,0.2,
benwbrum/fromthepage,4791,4794,0.22,
benwbrum/fromthepage,4789,4790,0.28,
benwbrum/fromthepage,4750,4789,0.12,
benwbrum/fromthepage,4788,4790,0.12,
benwbrum/fromthepage,4765,4783,0.1,
benwbrum/fromthepage,4747,4750,0.05,
benwbrum/fromthepage,4696,4738,0.2,
benwbrum/fromthepage,4750,4792,0.05,
benwbrum/fromthepage,4786,4788,0.35,
benwbrum/fromthepage,4765,4793,0.3,
benwbrum/fromthepage,4765,4785,0.45,
berachain/beacon-kit,2840,2841,0.85,
binarywang/WxJava,3650,3656,0.02,
binarywang/WxJava,3652,3653,0.15,
binarywang/WxJava,3648,3654,0.1,
binarywang/WxJava,3654,3658,0.05,
binarywang/WxJava,3646,3656,0.05,
binarywang/WxJava,3649,3659,0.2,
binarywang/WxJava,3653,3659,0.4,
binarywang/WxJava,3655,3659,0.05,
binarywang/WxJava,3649,3656,0.05,
binarywang/WxJava,3648,3658,0.05,
binarywang/WxJava,3650,3655,0.05,
binarywang/WxJava,3653,3658,0.05,
binarywang/WxJava,3647,3648,0.2,
binarywang/WxJava,3650,3659,0.05,
binarywang/WxJava,3647,3658,0.05,
binarywang/WxJava,3652,3654,0.1,
binarywang/WxJava,3646,3649,0.05,
binarywang/WxJava,3647,3653,0.3,
binarywang/WxJava,3647,3650,0.05,
binarywang/WxJava,3651,3653,0.05,
binarywang/WxJava,3652,3655,0.15,
binarywang/WxJava,3648,3655,0.75,
binarywang/WxJava,3651,3655,0.2,
binarywang/WxJava,3658,3659,0.15,
binarywang/WxJava,3655,3656,0.18,
binarywang/WxJava,3648,3652,0.18,
binarywang/WxJava,3650,3658,0.08,
binarywang/WxJava,3652,3658,0.45,
binarywang/WxJava,3646,3650,0.4,
binarywang/WxJava,3646,3658,0.08,
binarywang/WxJava,3651,3659,0.2,
binarywang/WxJava,3647,3649,0.3,
binarywang/WxJava,3651,3654,0.15,
binarywang/WxJava,3653,3656,0.65,
binarywang/WxJava,3646,3654,0.12,
binarywang/WxJava,3647,3651,0.4,
binarywang/WxJava,3651,3656,0.12,
binarywang/WxJava,3648,3653,0.6,
binarywang/WxJava,3646,3651,0.1,
binarywang/WxJava,3649,3654,0.15,
binarywang/WxJava,3653,3655,0.5,
binarywang/WxJava,3651,3658,0.25,
binarywang/WxJava,3646,3648,0.15,
binarywang/WxJava,3650,3654,0.1,
binarywang/WxJava,3646,3659,0.1,
binarywang/WxJava,3650,3651,0.08,
binarywang/WxJava,3654,3656,0.1,
binarywang/WxJava,3650,3652,0.2,
binarywang/WxJava,3647,3654,0.05,
binarywang/WxJava,3649,3653,0.38,
binarywang/WxJava,3653,3654,0.05,
binarywang/WxJava,3649,3652,0.1,
binarywang/WxJava,3646,3647,0.08,
binarywang/WxJava,3656,3659,0.35,
binarywang/WxJava,3646,3652,0.15,
binarywang/WxJava,3648,3649,0.2,
binarywang/WxJava,3648,3659,0.3,
binarywang/WxJava,3647,3652,0.05,
binarywang/WxJava,3652,3656,0.05,
binarywang/WxJava,3651,3652,0.08,
binarywang/WxJava,3652,3659,0.05,
binarywang/WxJava,3648,3650,0.15,
binarywang/WxJava,3649,3651,0.05,
binarywang/WxJava,3650,3653,0.05,
binarywang/WxJava,3647,3655,0.1,
binarywang/WxJava,3647,3656,0.05,
binarywang/WxJava,3649,3655,0.05,
binarywang/WxJava,3656,3658,0.05,
binarywang/WxJava,3649,3658,0.05,
binarywang/WxJava,3648,3651,0.1,
binarywang/WxJava,3646,3655,0.05,
binarywang/WxJava,3646,3653,0.05,
binarywang/WxJava,3649,3650,0.05,
binarywang/WxJava,3654,3659,0.05,
binarywang/WxJava,3647,3659,0.15,
binarywang/WxJava,3655,3658,0.05,
binarywang/WxJava,3648,3656,0.25,
binarywang/WxJava,3654,3655,0.05,
brenocq/implot3d,137,138,0.7,
bruin-data/bruin,873,912,0.4,
bruin-data/bruin,742,743,0.15,
bruin-data/bruin,824,897,0.35,
bruin-data/bruin,761,841,0.78,
bruin-data/bruin,824,912,0.68,
bruin-data/bruin,928,947,0.4,
bruin-data/bruin,761,824,0.76,
bruin-data/bruin,873,926,0.32,
bruin-data/bruin,928,932,0.28,
bruin-data/bruin,761,874,0.52,
bruin-data/bruin,761,811,0.12,
bruin-data/bruin,906,928,0.32,
bruin-data/bruin,873,928,0.32,
bruin-data/bruin,741,742,0.75,
bruin-data/bruin,759,776,0.25,
bruin-data/bruin,906,971,0.05,
bruin-data/bruin,869,947,0.65,
bruin-data/bruin,869,928,0.35,
bruin-data/bruin,762,812,0.2,
bruin-data/bruin,874,884,0.08,
bruin-data/bruin,762,877,0.2,
bruin-data/bruin,762,825,0.45,
bruin-data/bruin,761,830,0.05,
bruin-data/bruin,735,742,0.15,
bruin-data/bruin,762,947,0.2,
bruin-data/bruin,869,873,0.4,
bruin-data/bruin,761,877,0.1,
bruin-data/bruin,873,947,0.15,
bruin-data/bruin,912,926,0.3,
bruin-data/bruin,824,825,0.35,
bruin-data/bruin,762,815,0.05,
bruin-data/bruin,762,778,0.15,
bruin-data/bruin,874,971,0.05,
bruin-data/bruin,824,906,0.32,
bruin-data/bruin,760,831,0.12,
bruin-data/bruin,759,760,0.1,
bruin-data/bruin,760,824,0.28,
bruin-data/bruin,762,884,0.08,
bruin-data/bruin,813,815,0.1,
bruin-data/bruin,762,854,0.28,
bruin-data/bruin,824,870,0.5,
bruin-data/bruin,760,778,0.12,
bruin-data/bruin,761,786,0.32,
bruin-data/bruin,841,865,0.3,
bruin-data/bruin,762,821,0.1,
bruin-data/bruin,761,869,0.5,
bruin-data/bruin,760,776,0.25,
bruin-data/bruin,869,912,0.2,
bruin-data/bruin,824,874,0.1,
bruin-data/bruin,906,926,0.25,
bruin-data/bruin,761,768,0.15,
bruin-data/bruin,762,819,0.05,
bruin-data/bruin,841,856,0.25,
bruin-data/bruin,762,906,0.25,
bruin-data/bruin,762,813,0.18,
bruin-data/bruin,873,897,0.15,
bruin-data/bruin,768,776,0.25,
bruin-data/bruin,760,843,0.15,
bruin-data/bruin,761,856,0.15,
bruin-data/bruin,906,912,0.25,
bruin-data/bruin,906,932,0.2,
bruin-data/bruin,824,862,0.2,
bruin-data/bruin,869,932,0.15,
bruin-data/bruin,768,778,0.7,
bruin-data/bruin,869,874,0.2,
bruin-data/bruin,841,869,0.65,
bruin-data/bruin,873,884,0.1,
bruin-data/bruin,824,947,0.25,
bruin-data/bruin,760,830,0.15,
bruin-data/bruin,735,736,0.15,
bruin-data/bruin,761,825,0.2,
bruin-data/bruin,762,869,0.15,
bruin-data/bruin,824,869,0.25,
bruin-data/bruin,761,815,0.15,
bruin-data/bruin,760,761,0.1,
bruin-data/bruin,824,865,0.2,
bruin-data/bruin,824,841,0.65,
bruin-data/bruin,932,971,0.05,
bruin-data/bruin,912,932,0.15,
bruin-data/bruin,873,874,0.2,
bruin-data/bruin,762,873,0.2,
bruin-data/bruin,762,865,0.15,
bruin-data/bruin,824,926,0.15,
bruin-data/bruin,762,971,0.05,
bruin-data/bruin,761,819,0.05,
bruin-data/bruin,873,877,0.3,
bruin-data/bruin,841,862,0.1,
bruin-data/bruin,762,830,0.05,
bruin-data/bruin,762,897,0.05,
bruin-data/bruin,869,897,0.1,
bruin-data/bruin,824,831,0.15,
bruin-data/bruin,760,819,0.1,
bruin-data/bruin,762,818,0.05,
bruin-data/bruin,824,856,0.1,
bruin-data/bruin,761,762,0.55,
bruin-data/bruin,762,912,0.2,
bruin-data/bruin,759,778,0.05,
bruin-data/bruin,874,947,0.05,
bruin-data/bruin,761,776,0.5,
bruin-data/bruin,760,768,0.15,
bruin-data/bruin,841,843,0.15,
bruin-data/bruin,760,821,0.75,
bruin-data/bruin,762,870,0.5,
bruin-data/bruin,762,843,0.4,
bruin-data/bruin,735,741,0.05,
bruin-data/bruin,912,971,0.03,
bruin-data/bruin,762,874,0.2,
bruin-data/bruin,741,743,0.08,
bruin-data/bruin,762,831,0.25,
bruin-data/bruin,761,843,0.45,
bruin-data/bruin,762,856,0.15,
bruin-data/bruin,869,906,0.7,
bruin-data/bruin,760,762,0.05,
bruin-data/bruin,874,912,0.15,
bruin-data/bruin,912,928,0.35,
bruin-data/bruin,759,768,0.3,
bruin-data/bruin,733,735,0.15,
bruin-data/bruin,761,865,0.35,
bruin-data/bruin,762,932,0.1,
bruin-data/bruin,760,818,0.08,
bruin-data/bruin,759,762,0.4,
bruin-data/bruin,824,884,0.35,
bruin-data/bruin,869,870,0.45,
bruin-data/bruin,760,812,0.18,
bruin-data/bruin,762,824,0.4,
bruin-data/bruin,812,813,0.15,
bruin-data/bruin,873,971,0.05,
bruin-data/bruin,824,830,0.08,
bruin-data/bruin,733,736,0.1,
bruin-data/bruin,869,884,0.15,
bruin-data/bruin,874,926,0.3,
bruin-data/bruin,760,815,0.18,
bruin-data/bruin,824,873,0.55,
bruin-data/bruin,873,906,0.95,
bruin-data/bruin,824,932,0.25,
bruin-data/bruin,762,768,0.3,
bruin-data/bruin,760,813,0.45,
bruin-data/bruin,874,906,0.8,
bruin-data/bruin,761,821,0.15,
bruin-data/bruin,906,947,0.35,
bruin-data/bruin,884,897,0.3,
bruin-data/bruin,762,811,0.1,
bruin-data/bruin,776,778,0.15,
bruin-data/bruin,824,877,0.15,
bruin-data/bruin,762,786,0.15,
bruin-data/bruin,873,932,0.35,
bruin-data/bruin,874,897,0.15,
bruin-data/bruin,874,932,0.1,
bruin-data/bruin,760,811,0.45,
bruin-data/bruin,869,926,0.25,
bruin-data/bruin,874,928,0.1,
bruin-data/bruin,762,928,0.1,
bruin-data/bruin,760,786,0.4,
bruin-data/bruin,761,870,0.35,
bruin-data/bruin,841,854,0.35,
bruin-data/bruin,761,854,0.22,
bruin-data/bruin,869,877,0.25,
bruin-data/bruin,824,928,0.25,
bruin-data/bruin,869,971,0.12,
bruin-data/bruin,762,841,0.55,
bruin-data/bruin,824,843,0.3,
bruin-data/bruin,761,778,0.2,
bruin-data/bruin,824,854,0.4,
bruin-data/bruin,912,947,0.1,
bruin-data/bruin,932,947,0.1,
bruin-data/bruin,761,813,0.15,
bruin-data/bruin,760,825,0.2,
bruin-data/bruin,762,926,0.3,
bruin-data/bruin,762,862,0.3,
bruin-data/bruin,760,841,0.35,
bruin-data/bruin,761,862,0.12,
bruin-data/bruin,761,812,0.15,
bruin-data/bruin,762,776,0.45,
bruin-data/bruin,759,761,0.35,
bruin-data/bruin,761,873,0.15,
bruin-data/bruin,761,831,0.1,
bruin-data/bruin,874,877,0.2,
bruin-data/bruin,761,818,0.1,
bruin-data/bruin,824,971,0.05,
camunda/camunda,34576,34672,0.05,
camunda/camunda,35632,35888,0.1,
camunda/camunda,35347,35422,0.75,
camunda/camunda,35347,35602,0.1,
camunda/camunda,34581,34932,0.05,
camunda/camunda,35347,35372,0.6,
camunda/camunda,35602,35632,0.15,
camunda/camunda,35372,35374,0.25,
camunda/camunda,35374,35602,0.1,
camunda/camunda,35347,35632,0.65,
camunda/camunda,35374,35422,0.65,
camunda/camunda,34576,34581,0.05,
camunda/camunda,35099,35209,0.1,
camunda/camunda,35888,35889,0.7,
camunda/camunda,35632,35889,0.08,
camunda/camunda,34932,35099,0.08,
camunda/camunda,34581,35007,0.03,
camunda/camunda,34576,34932,0.08,
camunda/camunda,35372,35602,0.12,
camunda/camunda,35007,35099,0.03,
camunda/camunda,34932,35007,0.05,
camunda/camunda,35374,35632,0.38,
camunda/camunda,34581,34672,0.03,
camunda/camunda,34153,34168,0.05,
camunda/camunda,35372,35632,0.15,
camunda/camunda,35372,35422,0.2,
camunda/camunda,35347,35374,0.25,
cartography-cncf/cartography,1624,1664,0.05,
cartography-cncf/cartography,1637,1679,0.05,
cartography-cncf/cartography,1623,1695,0.18,
cartography-cncf/cartography,1622,1675,0.22,
cartography-cncf/cartography,1623,1624,0.15,
cartography-cncf/cartography,1619,1620,0.65,
cartography-cncf/cartography,1624,1679,0.05,
cartography-cncf/cartography,1679,1695,0.05,
cartography-cncf/cartography,1637,1694,0.2,
cartography-cncf/cartography,1623,1637,0.25,
cartography-cncf/cartography,1620,1622,0.15,
cartography-cncf/cartography,1622,1624,0.15,
cartography-cncf/cartography,1624,1675,0.25,
cartography-cncf/cartography,1679,1694,0.05,
cartography-cncf/cartography,1623,1679,0.05,
cartography-cncf/cartography,1622,1695,0.15,
cartography-cncf/cartography,1622,1697,0.2,
cartography-cncf/cartography,1622,1623,0.3,
cartography-cncf/cartography,1623,1629,0.28,
cartography-cncf/cartography,1622,1679,0.08,
cartography-cncf/cartography,1623,1697,0.5,
cartography-cncf/cartography,1623,1675,0.32,
cartography-cncf/cartography,1622,1694,0.28,
cartography-cncf/cartography,1697,1701,0.5,
cartography-cncf/cartography,1623,1631,0.5,
cartography-cncf/cartography,1679,1701,0.08,
cartography-cncf/cartography,1637,1664,0.05,
cartography-cncf/cartography,1624,1629,0.08,
cartography-cncf/cartography,1618,1623,0.03,
cartography-cncf/cartography,1637,1675,0.12,
cartography-cncf/cartography,1620,1631,0.2,
cartography-cncf/cartography,1624,1697,0.2,
cartography-cncf/cartography,1620,1637,0.8,
cartography-cncf/cartography,1637,1697,0.03,
cartography-cncf/cartography,1618,1624,0.02,
cartography-cncf/cartography,1622,1629,0.15,
cartography-cncf/cartography,1623,1664,0.02,
cartography-cncf/cartography,1622,1631,0.15,
cartography-cncf/cartography,1679,1737,0.35,
cartography-cncf/cartography,1637,1737,0.1,
cartography-cncf/cartography,1679,1697,0.15,
cartography-cncf/cartography,1623,1694,0.3,
cartography-cncf/cartography,1618,1620,0.1,
cartography-cncf/cartography,1620,1629,0.25,
cartography-cncf/cartography,1637,1695,0.25,
cartography-cncf/cartography,1622,1664,0.1,
cartography-cncf/cartography,1620,1623,0.45,
cartography-cncf/cartography,1624,1637,0.2,
cartography-cncf/cartography,1675,1679,0.05,
cartography-cncf/cartography,1622,1637,0.25,
cartography-cncf/cartography,1624,1631,0.25,
cartography-cncf/cartography,1620,1624,0.2,
cartography-cncf/cartography,1624,1694,0.2,
cartography-cncf/cartography,1637,1701,0.1,
cartography-cncf/cartography,1618,1622,0.05,
cartography-cncf/cartography,1618,1619,0.05,
cartography-cncf/cartography,1622,1701,0.15,
cartography-cncf/cartography,1694,1695,0.05,
cartography-cncf/cartography,1624,1695,0.05,
cberner/raptorq,182,185,0.15,
cberner/raptorq,177,178,0.1,
cberner/raptorq,176,178,0.15,
cberner/raptorq,182,186,0.15,
cberner/raptorq,177,180,0.05,
cberner/raptorq,176,177,0.5,
cberner/raptorq,182,184,0.15,
cberner/raptorq,182,183,0.85,
celestiaorg/rsmt2d,361,363,0.15,
cloudfoundry/cloud_controller_ng,4460,4461,0.1,
cloudfoundry/cloud_controller_ng,4442,4460,0.08,
cloudfoundry/cloud_controller_ng,4442,4453,0.2,
cloudfoundry/cloud_controller_ng,4453,4460,0.25,
cloudfoundry/cloud_controller_ng,4394,4442,0.12,
cloudfoundry/cloud_controller_ng,4453,4461,0.1,
cloudfoundry/cloud_controller_ng,4442,4461,0.18,
cloudwalk/stratus,2019,2020,0.88,
cokice/japanese-analyzer,5,6,0.15,
cokice/japanese-analyzer,4,5,0.05,
cokice/japanese-analyzer,4,6,0.25,
cokice/japanese-analyzer,6,7,0.1,
cokice/japanese-analyzer,6,8,0.15,
commaai/opendbc,2364,2365,0.75,
commaai/opendbc,2290,2301,0.2,
commaai/opendbc,2269,2301,0.15,
commaai/opendbc,2363,2364,0.1,
commaai/opendbc,2269,2290,0.25,
commaai/opendbc,2363,2365,0.1,
copper-project/copper-rs,410,411,0.3,
copper-project/copper-rs,409,412,0.08,
copper-project/copper-rs,409,411,0.9,
copper-project/copper-rs,409,410,0.25,
cornerstonejs/cornerstone3D,2012,2016,0.08,
cornerstonejs/cornerstone3D,1998,1999,0.08,
cubicdaiya/nginx-build,203,204,0.2,
cuckoo-network/cuckoo,24,28,0.75,
cuckoo-network/cuckoo,19,24,0.1,
cuckoo-network/cuckoo,19,23,0.05,
cuckoo-network/cuckoo,24,29,0.25,
cuckoo-network/cuckoo,24,25,0.08,
cuckoo-network/cuckoo,19,22,0.12,
cuckoo-network/cuckoo,24,27,0.25,
cuckoo-network/cuckoo,24,26,0.15,
cybersemics/em,2979,3006,0.75,
cybersemics/em,3029,3033,0.03,
cybersemics/em,2994,3003,0.03,
cybersemics/em,2986,2990,0.02,
cybersemics/em,2990,2994,0.9,
cybersemics/em,2998,3001,0.15,
cybersemics/em,2998,3003,0.08,
cybersemics/em,2992,2994,0.88,
cybersemics/em,3031,3033,0.2,
cybersemics/em,2994,3006,0.18,
cybersemics/em,3001,3003,0.08,
cybersemics/em,2992,3000,0.85,
cybersemics/em,3031,3050,0.12,
cybersemics/em,2984,2986,0.05,
cybersemics/em,3045,3050,0.8,
cybersemics/em,2986,3000,0.05,
cybersemics/em,2992,2998,0.9,
cybersemics/em,2998,3000,0.9,
cybersemics/em,2994,2998,0.9,
cybersemics/em,3033,3045,0.65,
cybersemics/em,2979,2994,0.05,
cybersemics/em,2986,2998,0.05,
cybersemics/em,2979,2992,0.05,
cybersemics/em,2979,3000,0.05,
cybersemics/em,2998,3006,0.1,
cybersemics/em,2990,2998,0.75,
cybersemics/em,3029,3031,0.05,
cybersemics/em,2990,2992,0.9,
cybersemics/em,3027,3031,0.05,
cybersemics/em,2979,2986,0.05,
cybersemics/em,2979,3003,0.05,
cybersemics/em,2979,2998,0.05,
cybersemics/em,3027,3029,0.05,
cybersemics/em,2994,3001,0.15,
cybersemics/em,2986,2992,0.1,
cybersemics/em,2979,3001,0.15,
cybersemics/em,3027,3033,0.05,
cybersemics/em,2994,3000,0.85,
cybersemics/em,2990,3000,0.85,
cybersemics/em,2986,2994,0.03,
cybersemics/em,3031,3045,0.08,
cybersemics/em,3033,3050,0.75,
cybersemics/em,2979,2990,0.15,
cybersemics/em,2979,2984,0.08,
cybersemics/em,3031,3094,0.12,
dartsim/dart,1959,1963,0.03,
dartsim/dart,1963,1965,0.97,
dartsim/dart,1959,1962,0.02,
dartsim/dart,1962,1968,0.02,
dartsim/dart,1962,1963,0.02,
dartsim/dart,1959,1961,0.02,
dartsim/dart,1959,1965,0.02,
dartsim/dart,1962,1965,0.02,
dartsim/dart,1961,1962,0.02,
dartsim/dart,1959,1960,0.02,
dartsim/dart,1961,1963,0.05,
davidmigloz/langchain_dart,717,723,0.45,
devitocodes/devito,2625,2682,0.12,
different-ai/zero-finance,160,193,0.25,
different-ai/zero-finance,195,205,0.9,
different-ai/zero-finance,160,178,0.55,
different-ai/zero-finance,27,28,0.35,
different-ai/zero-finance,135,137,0.3,
different-ai/zero-finance,160,176,0.25,
different-ai/zero-finance,160,181,0.55,
different-ai/zero-finance,136,137,0.55,
different-ai/zero-finance,160,206,0.15,
different-ai/zero-finance,160,195,0.45,
different-ai/zero-finance,160,192,0.6,
different-ai/zero-finance,156,160,0.12,
different-ai/zero-finance,160,220,0.3,
different-ai/zero-finance,23,27,0.35,
different-ai/zero-finance,160,223,0.2,
different-ai/zero-finance,146,156,0.08,
different-ai/zero-finance,146,150,0.05,
different-ai/zero-finance,156,161,0.2,
different-ai/zero-finance,146,152,0.1,
different-ai/zero-finance,160,216,0.15,
different-ai/zero-finance,132,133,0.45,
different-ai/zero-finance,146,148,0.12,
different-ai/zero-finance,23,29,0.55,
different-ai/zero-finance,146,153,0.08,
different-ai/zero-finance,160,200,0.08,
different-ai/zero-finance,146,149,0.08,
different-ai/zero-finance,195,202,0.4,
different-ai/zero-finance,116,117,0.35,
different-ai/zero-finance,160,202,0.08,
different-ai/zero-finance,23,26,0.05,
different-ai/zero-finance,160,177,0.08,
different-ai/zero-finance,146,147,0.03,
different-ai/zero-finance,195,200,0.1,
different-ai/zero-finance,156,176,0.03,
different-ai/zero-finance,109,110,0.2,
different-ai/zero-finance,160,161,0.25,
different-ai/zero-finance,160,205,0.15,
different-ai/zero-finance,146,161,0.95,
different-ai/zero-finance,146,160,0.12,
different-ai/zero-finance,135,136,0.68,
different-ai/zero-finance,195,206,0.28,
different-ai/zero-finance,160,222,0.18,
different-ai/zero-finance,23,28,0.52,
different-ai/zero-finance,20,21,0.82,
different-ai/zero-finance,160,224,0.32,
djacobs/PyAPNs,216,217,0.7,
dongaba/TVerRec,273,274,0.42,
dongaba/TVerRec,274,276,0.45,
dongaba/TVerRec,273,275,0.15,
dongaba/TVerRec,275,276,0.5,
dongaba/TVerRec,272,274,0.08,
dongaba/TVerRec,272,276,0.08,
dongaba/TVerRec,273,276,0.3,
dongaba/TVerRec,272,275,0.05,
dongaba/TVerRec,272,273,0.05,
dongaba/TVerRec,274,275,0.4,
dotCMS/core,32663,32664,0.6,
dotCMS/core,32659,32663,0.15,
dotCMS/core,32658,32664,0.45,
dotCMS/core,32659,32662,0.15,
dotCMS/core,32561,32660,0.3,
dotCMS/core,32561,32657,0.3,
dotCMS/core,32658,32663,0.12,
dotCMS/core,32661,32664,0.45,
dotCMS/core,32561,32771,0.08,
dotCMS/core,32656,32663,0.1,
dotCMS/core,32561,32658,0.3,
dotCMS/core,32658,32659,0.8,
dotCMS/core,32661,32662,0.8,
dotCMS/core,32561,32662,0.6,
dotCMS/core,32657,32663,0.8,
dotCMS/core,32658,32771,0.12,
dotCMS/core,32561,32664,0.75,
dotCMS/core,32561,32659,0.6,
dotCMS/core,32658,32660,0.8,
dotCMS/core,32660,32662,0.8,
dotCMS/core,32661,32663,0.8,
dotCMS/core,32659,32771,0.05,
dotCMS/core,32657,32661,0.2,
dotCMS/core,32661,32771,0.05,
dotCMS/core,32660,32663,0.2,
dotCMS/core,32659,32660,0.2,
dotCMS/core,32656,32658,0.2,
dotCMS/core,32561,32663,0.35,
dotCMS/core,32561,32661,0.35,
dotCMS/core,32663,32771,0.05,
dotCMS/core,32659,32661,0.2,
dotCMS/core,32657,32771,0.05,
dotCMS/core,32656,32659,0.45,
dotCMS/core,32657,32660,0.45,
dotCMS/core,32658,32662,0.45,
dotCMS/core,32656,32661,0.45,
dotCMS/core,32659,32664,0.5,
dotCMS/core,32664,32771,0.05,
dotCMS/core,32656,32664,0.4,
dotCMS/core,32561,32656,0.65,
dotCMS/core,32656,32660,0.45,
dotCMS/core,32660,32664,0.35,
dotCMS/core,32657,32662,0.1,
dotCMS/core,32657,32658,0.13,
dotCMS/core,32656,32662,0.08,
dotCMS/core,32662,32663,0.13,
dotCMS/core,32660,32661,0.13,
dotCMS/core,32658,32661,0.1,
dotCMS/core,32657,32659,0.1,
dotCMS/core,32657,32664,0.33,
dotCMS/core,32660,32771,0.03,
dotCMS/core,32656,32657,0.55,
dotCMS/core,32561,32609,0.05,
dotCMS/core,32662,32771,0.05,
dotCMS/core,32656,32771,0.05,
dotCMS/core,32662,32664,0.5,
dotnet/aspnetcore,62063,62179,0.3,
dotnet/aspnetcore,62063,62497,0.15,
dotnet/aspnetcore,62680,62765,0.07,
dotnet/aspnetcore,62541,62552,0.05,
dotnet/aspnetcore,62162,62692,0.07,
dotnet/aspnetcore,62541,62623,0.15,
dotnet/aspnetcore,62624,62703,0.08,
dotnet/aspnetcore,62063,62692,0.05,
dotnet/aspnetcore,62366,62399,0.08,
dotnet/aspnetcore,62057,62602,0.12,
dotnet/aspnetcore,62063,62539,0.22,
dotnet/aspnetcore,62055,62126,0.45,
dotnet/aspnetcore,62414,62443,0.12,
dotnet/aspnetcore,62680,62703,0.3,
dotnet/aspnetcore,62497,62656,0.48,
dotnet/aspnetcore,62057,62366,0.1,
dotnet/aspnetcore,62057,62370,0.1,
dotnet/aspnetcore,62063,62552,0.25,
dotnet/aspnetcore,62057,62661,0.1,
dotnet/aspnetcore,62036,62179,0.25,
dotnet/aspnetcore,62394,62755,0.35,
dotnet/aspnetcore,62394,62656,0.1,
dotnet/aspnetcore,62680,62853,0.15,
dotnet/aspnetcore,62091,62382,0.05,
dotnet/aspnetcore,62162,62843,0.05,
dotnet/aspnetcore,62063,62549,0.88,
dotnet/aspnetcore,62394,62703,0.08,
dotnet/aspnetcore,62414,62549,0.18,
dotnet/aspnetcore,62552,62623,0.07,
dotnet/aspnetcore,62602,62623,0.12,
dotnet/aspnetcore,62497,62692,0.08,
dotnet/aspnetcore,62063,62755,0.32,
dotnet/aspnetcore,62394,62765,0.1,
dotnet/aspnetcore,62625,62755,0.85,
dotnet/aspnetcore,62055,62057,0.45,
dotnet/aspnetcore,62027,62036,0.25,
dotnet/aspnetcore,62526,62843,0.35,
dotnet/aspnetcore,62541,62719,0.1,
dotnet/aspnetcore,62394,62625,0.4,
dotnet/aspnetcore,62497,62539,0.15,
dotnet/aspnetcore,62057,62414,0.1,
dotnet/aspnetcore,62063,62366,0.3,
dotnet/aspnetcore,62057,62692,0.7,
dotnet/aspnetcore,62056,62063,0.15,
dotnet/aspnetcore,62057,62085,0.1,
dotnet/aspnetcore,62055,62162,0.15,
dotnet/aspnetcore,62091,62369,0.2,
dotnet/aspnetcore,62057,62539,0.15,
dotnet/aspnetcore,62414,62692,0.15,
dotnet/aspnetcore,62057,62559,0.15,
dotnet/aspnetcore,62497,62755,0.25,
dotnet/aspnetcore,62057,62071,0.35,
dotnet/aspnetcore,62057,62623,0.25,
dotnet/aspnetcore,62541,62656,0.15,
dotnet/aspnetcore,62036,62057,0.3,
dotnet/aspnetcore,62057,62382,0.05,
dotnet/aspnetcore,62394,62539,0.2,
dotnet/aspnetcore,62056,62057,0.03,
dotnet/aspnetcore,62526,62661,0.6,
dotnet/aspnetcore,62625,62719,0.1,
dotnet/aspnetcore,62414,62511,0.05,
dotnet/aspnetcore,62552,62624,0.15,
dotnet/aspnetcore,62602,62625,0.1,
dotnet/aspnetcore,62552,62755,0.1,
dotnet/aspnetcore,62057,62075,0.03,
dotnet/aspnetcore,62625,62765,0.05,
dotnet/aspnetcore,62624,62625,0.02,
dotnet/aspnetcore,62552,62661,0.05,
dotnet/aspnetcore,62366,62382,0.05,
dotnet/aspnetcore,62063,62526,0.4,
dotnet/aspnetcore,62526,62549,0.35,
dotnet/aspnetcore,62063,62369,0.3,
dotnet/aspnetcore,62071,62179,0.25,
dotnet/aspnetcore,62063,62394,0.5,
dotnet/aspnetcore,62414,62623,0.03,
dotnet/aspnetcore,62366,62414,0.3,
dotnet/aspnetcore,62526,62656,0.15,
dotnet/aspnetcore,62552,62656,0.2,
dotnet/aspnetcore,62541,62692,0.15,
dotnet/aspnetcore,62091,62179,0.25,
dotnet/aspnetcore,62036,62063,0.15,
dotnet/aspnetcore,62602,62661,0.2,
dotnet/aspnetcore,62057,62526,0.15,
dotnet/aspnetcore,62541,62853,0.22,
dotnet/aspnetcore,62526,62680,0.1,
dotnet/aspnetcore,62063,62719,0.05,
dotnet/aspnetcore,62057,62625,0.1,
dotnet/aspnetcore,62057,62369,0.08,
dotnet/aspnetcore,62526,62625,0.3,
dotnet/aspnetcore,62755,62765,0.05,
dotnet/aspnetcore,62541,62680,0.05,
dotnet/aspnetcore,62057,62384,0.08,
dotnet/aspnetcore,62162,62765,0.03,
dotnet/aspnetcore,62623,62625,0.1,
dotnet/aspnetcore,62680,62843,0.1,
dotnet/aspnetcore,62057,62394,0.05,
dotnet/aspnetcore,62057,62552,0.02,
dotnet/aspnetcore,62063,62075,0.08,
dotnet/aspnetcore,62541,62703,0.1,
dotnet/aspnetcore,62414,62558,0.1,
dotnet/aspnetcore,62414,62602,0.1,
dotnet/aspnetcore,62085,62162,0.05,
dotnet/aspnetcore,62057,62624,0.03,
dotnet/aspnetcore,62063,62843,0.2,
dotnet/aspnetcore,62162,62394,0.05,
dotnet/aspnetcore,62414,62719,0.15,
dotnet/aspnetcore,62625,62680,0.1,
dotnet/aspnetcore,62526,62623,0.15,
dotnet/aspnetcore,62414,62539,0.25,
dotnet/aspnetcore,62703,62765,0.2,
dotnet/aspnetcore,62071,62075,0.05,
dotnet/aspnetcore,62162,62625,0.1,
dotnet/aspnetcore,62366,62436,0.1,
dotnet/aspnetcore,62552,62703,0.2,
dotnet/aspnetcore,62511,62541,0.18,
dotnet/aspnetcore,62057,62549,0.05,
dotnet/aspnetcore,62162,62558,0.03,
dotnet/aspnetcore,62162,62369,0.03,
dotnet/aspnetcore,62162,62624,0.05,
dotnet/aspnetcore,62414,62541,0.55,
dotnet/aspnetcore,62036,62071,0.8,
dotnet/aspnetcore,62394,62399,0.05,
dotnet/aspnetcore,62623,62703,0.03,
dotnet/aspnetcore,62162,62703,0.03,
dotnet/aspnetcore,62552,62719,0.1,
dotnet/aspnetcore,62162,62602,0.08,
dotnet/aspnetcore,62036,62075,0.05,
dotnet/aspnetcore,62552,62602,0.05,
dotnet/aspnetcore,62063,62541,0.2,
dotnet/aspnetcore,62853,62877,0.1,
dotnet/aspnetcore,62055,62091,0.08,
dotnet/aspnetcore,62394,62436,0.05,
dotnet/aspnetcore,62511,62526,0.12,
dotnet/aspnetcore,62063,62414,0.3,
dotnet/aspnetcore,62414,62552,0.05,
dotnet/aspnetcore,62541,62624,0.25,
dotnet/aspnetcore,62526,62552,0.05,
dotnet/aspnetcore,62414,62436,0.05,
dotnet/aspnetcore,62414,62755,0.6,
dotnet/aspnetcore,62162,62443,0.05,
dotnet/aspnetcore,62394,62552,0.05,
dotnet/aspnetcore,62624,62656,0.2,
dotnet/aspnetcore,62497,62703,0.25,
dotnet/aspnetcore,62162,62526,0.1,
dotnet/aspnetcore,62656,62661,0.1,
dotnet/aspnetcore,62394,62497,0.2,
dotnet/aspnetcore,62625,62703,0.12,
dotnet/aspnetcore,62063,62703,0.12,
dotnet/aspnetcore,62497,62680,0.18,
dotnet/aspnetcore,62497,62511,0.55,
dotnet/aspnetcore,62063,62091,0.18,
dotnet/aspnetcore,62497,62853,0.12,
dotnet/aspnetcore,62071,62091,0.78,
dotnet/aspnetcore,62558,62625,0.25,
dotnet/aspnetcore,62063,62399,0.12,
dotnet/aspnetcore,62366,62384,0.2,
dotnet/aspnetcore,62063,62877,0.05,
dotnet/aspnetcore,62414,62843,0.25,
dotnet/aspnetcore,62526,62624,0.2,
dotnet/aspnetcore,62526,62877,0.05,
dotnet/aspnetcore,62497,62877,0.05,
dotnet/aspnetcore,62497,62559,0.15,
dotnet/aspnetcore,62399,62414,0.05,
dotnet/aspnetcore,62057,62162,0.05,
dotnet/aspnetcore,62394,62719,0.05,
dotnet/aspnetcore,62549,62552,0.07,
dotnet/aspnetcore,62497,62625,0.12,
dotnet/aspnetcore,62369,62370,0.75,
dotnet/aspnetcore,62394,62526,0.8,
dotnet/aspnetcore,62552,62853,0.07,
dotnet/aspnetcore,62414,62559,0.12,
dotnet/aspnetcore,62755,62877,0.03,
dotnet/aspnetcore,62036,62091,0.4,
dotnet/aspnetcore,62656,62680,0.03,
dotnet/aspnetcore,62126,62162,0.03,
dotnet/aspnetcore,62624,62719,0.12,
dotnet/aspnetcore,62497,62765,0.08,
dotnet/aspnetcore,62063,62085,0.2,
dotnet/aspnetcore,62036,62055,0.18,
dotnet/aspnetcore,62394,62602,0.12,
dotnet/aspnetcore,62526,62541,0.48,
dotnet/aspnetcore,62414,62656,0.06,
dotnet/aspnetcore,62162,62853,0.03,
dotnet/aspnetcore,62541,62765,0.08,
dotnet/aspnetcore,62414,62526,0.52,
dotnet/aspnetcore,62558,62623,0.05,
dotnet/aspnetcore,62625,62692,0.1,
dotnet/aspnetcore,62680,62877,0.15,
dotnet/aspnetcore,62162,62680,0.05,
dotnet/aspnetcore,62063,62624,0.1,
dotnet/aspnetcore,62085,62091,0.1,
dotnet/aspnetcore,62414,62661,0.12,
dotnet/aspnetcore,62057,62853,0.05,
dotnet/aspnetcore,62055,62085,0.05,
dotnet/aspnetcore,62497,62661,0.1,
dotnet/aspnetcore,62036,62162,0.12,
dotnet/aspnetcore,62394,62624,0.05,
dotnet/aspnetcore,62063,62511,0.06,
dotnet/aspnetcore,62366,62394,0.22,
dotnet/aspnetcore,62091,62436,0.03,
dotnet/macios,22840,23043,0.03,
dotnet/macios,22840,23052,0.02,
dotnet/macios,23043,23052,0.02,
dotnet/macios,23045,23052,0.02,
dotnet/macios,23045,23112,0.05,
dotnet/macios,23041,23045,0.08,
dotnet/macios,23041,23043,0.08,
dotnet/macios,22840,23313,0.08,
dotnet/macios,22840,23112,0.08,
dotnet/macios,23041,23052,0.08,
dotnet/macios,23045,23313,0.08,
dotnet/macios,23041,23112,0.08,
dotnet/macios,22840,23045,0.35,
dotnet/macios,22840,23041,0.08,
dotnet/macios,23043,23045,0.08,
dotnet/macios,23041,23313,0.02,
dotnet/macios,23043,23112,0.04,
econ-ark/HARK,1556,1560,0.02,
econ-ark/HARK,1555,1560,0.02,
econ-ark/HARK,1580,1582,0.09,
econ-ark/HARK,1559,1560,0.02,
econ-ark/HARK,1560,1561,0.02,
econ-ark/HARK,1555,1557,0.3,
econ-ark/HARK,1558,1560,0.02,
econ-ark/HARK,1581,1582,0.1,
econ-ark/HARK,1556,1561,0.15,
econ-ark/HARK,1557,1559,0.35,
econ-ark/HARK,1555,1559,0.5,
econ-ark/HARK,1557,1561,0.15,
econ-ark/HARK,1556,1558,0.12,
econ-ark/HARK,1556,1557,0.18,
econ-ark/HARK,1557,1558,0.42,
econ-ark/HARK,1558,1561,0.15,
econ-ark/HARK,1558,1559,0.48,
econ-ark/HARK,1556,1559,0.4,
econ-ark/HARK,1559,1561,0.25,
econ-ark/HARK,1555,1558,0.7,
econ-ark/HARK,1555,1556,0.15,
econ-ark/HARK,1580,1581,0.15,
econ-ark/HARK,1555,1561,0.15,
econ-ark/HARK,1557,1560,0.65,
effekseer/Effekseer,1045,1047,0.1,
effekseer/Effekseer,1044,1045,0.1,
effekseer/Effekseer,1043,1045,0.15,
effekseer/Effekseer,1044,1046,0.1,
effekseer/Effekseer,1046,1047,0.12,
effekseer/Effekseer,1043,1047,0.08,
effekseer/Effekseer,1043,1046,0.08,
effekseer/Effekseer,1043,1044,0.08,
effekseer/Effekseer,1045,1046,0.25,
elastic/terraform-provider-elasticstack,1210,1220,0.2,
elastic/terraform-provider-elasticstack,1208,1220,0.15,
elastic/terraform-provider-elasticstack,1208,1210,0.28,
elementary-data/dbt-data-reliability,833,835,0.78,
elementary-data/dbt-data-reliability,832,833,1.0,
elementary-data/dbt-data-reliability,831,833,0.75,
elementary-data/dbt-data-reliability,834,835,0.05,
elementary-data/dbt-data-reliability,831,834,0.05,
elementary-data/dbt-data-reliability,831,832,0.75,
elementary-data/dbt-data-reliability,831,835,0.85,
elementary-data/dbt-data-reliability,833,834,0.05,
elie222/inbox-zero,504,505,0.3,
elie222/inbox-zero,498,499,0.1,
elie222/inbox-zero,494,499,0.1,
elie222/inbox-zero,494,504,0.1,
elie222/inbox-zero,494,498,0.2,
elie222/inbox-zero,494,505,0.15,
elixr-games/elics,13,21,0.3,
elixr-games/elics,10,19,0.12,
elixr-games/elics,4,17,0.7,
elixr-games/elics,10,21,0.25,
elixr-games/elics,17,19,0.5,
elixr-games/elics,13,16,0.85,
elixr-games/elics,4,15,0.12,
elixr-games/elics,4,7,0.3,
elixr-games/elics,10,15,0.8,
elixr-games/elics,4,21,0.5,
elixr-games/elics,13,20,0.25,
elixr-games/elics,40,42,0.87,
elixr-games/elics,35,36,0.4,
elixr-games/elics,17,20,0.78,
elixr-games/elics,17,21,0.87,
elixr-games/elics,4,13,0.12,
elixr-games/elics,4,16,0.15,
elixr-games/elics,6,8,0.68,
elixr-games/elics,10,17,0.75,
elixr-games/elics,10,16,0.85,
elixr-games/elics,24,26,0.75,
elixr-games/elics,10,20,0.4,
elixr-games/elics,4,6,0.35,
elixr-games/elics,13,15,0.9,
elixr-games/elics,7,8,0.2,
elixr-games/elics,4,20,0.45,
elixr-games/elics,4,8,0.15,
elixr-games/elics,13,17,0.7,
elixr-games/elics,13,19,0.15,
elixr-games/elics,4,19,0.35,
elixr-games/elics,10,13,0.72,
elixr-games/elics,4,10,0.25,
elixr-games/elics,35,37,0.67,
elixr-games/elics,6,7,0.2,
elixr-games/elics,4,5,0.52,
epicweb-dev/epicshop,275,279,0.15,
epicweb-dev/epicshop,254,258,0.4,
epicweb-dev/epicshop,275,278,0.1,
epicweb-dev/epicshop,254,283,0.45,
epicweb-dev/epicshop,279,283,0.65,
epicweb-dev/epicshop,254,286,0.8,
epicweb-dev/epicshop,275,284,0.35,
epicweb-dev/epicshop,283,286,0.3,
epicweb-dev/epicshop,254,264,0.2,
epicweb-dev/epicshop,254,267,0.25,
epicweb-dev/epicshop,254,268,0.5,
epicweb-dev/epicshop,275,283,0.3,
epicweb-dev/epicshop,254,284,0.2,
epicweb-dev/epicshop,277,278,0.85,
epicweb-dev/epicshop,283,292,0.35,
epicweb-dev/epicshop,255,256,0.45,
epicweb-dev/epicshop,275,292,0.2,
epicweb-dev/epicshop,254,276,0.4,
epicweb-dev/epicshop,268,272,0.5,
epicweb-dev/epicshop,254,279,0.65,
epicweb-dev/epicshop,268,277,0.55,
epicweb-dev/epicshop,254,275,0.3,
epicweb-dev/epicshop,254,291,0.2,
epicweb-dev/epicshop,275,276,0.1,
epicweb-dev/epicshop,275,291,0.08,
epicweb-dev/epicshop,254,265,0.28,
epicweb-dev/epicshop,268,269,0.32,
epicweb-dev/epicshop,268,278,0.45,
epicweb-dev/epicshop,254,260,0.38,
epicweb-dev/epicshop,268,275,0.15,
epicweb-dev/epicshop,279,284,0.08,
epicweb-dev/epicshop,254,272,0.22,
epicweb-dev/epicshop,275,286,0.28,
epicweb-dev/epicshop,254,256,0.35,
epicweb-dev/epicshop,254,269,0.2,
epicweb-dev/epicshop,279,291,0.3,
epicweb-dev/epicshop,254,278,0.5,
epicweb-dev/epicshop,254,262,0.15,
epicweb-dev/epicshop,275,277,0.1,
epicweb-dev/epicshop,283,284,0.25,
epicweb-dev/epicshop,254,277,0.45,
epicweb-dev/epicshop,268,276,0.6,
epicweb-dev/epicshop,254,266,0.25,
epicweb-dev/epicshop,279,286,0.35,
epicweb-dev/epicshop,254,292,0.75,
epicweb-dev/epicshop,254,257,0.45,
epicweb-dev/epicshop,254,255,0.8,
epicweb-dev/epicshop,279,292,0.25,
epicweb-dev/epicshop,283,291,0.3,
evmts/tevm-monorepo,1847,1850,0.5,
evmts/tevm-monorepo,1831,1847,0.15,
evmts/tevm-monorepo,1830,1847,0.15,
evmts/tevm-monorepo,1830,1850,0.5,
evmts/tevm-monorepo,1830,1831,0.15,
evmts/tevm-monorepo,1831,1850,0.3,
fireship-io/flamethrower,96,97,0.45,
fireship-io/flamethrower,95,97,0.3,
fireship-io/flamethrower,95,96,0.25,
fjordllc/bootcamp,8585,8596,0.5,
fjordllc/bootcamp,8596,8618,0.12,
fjordllc/bootcamp,8591,8594,0.9,
fjordllc/bootcamp,8594,8618,0.12,
fjordllc/bootcamp,8591,8592,0.9,
fjordllc/bootcamp,8594,8617,0.15,
fjordllc/bootcamp,8585,8592,0.08,
fjordllc/bootcamp,8594,8596,0.9,
fjordllc/bootcamp,8596,8617,0.15,
fjordllc/bootcamp,8585,8594,0.08,
fjordllc/bootcamp,8585,8591,0.08,
fjordllc/bootcamp,8592,8594,0.9,
formbricks/formbricks,6082,6085,0.05,
formbricks/formbricks,5819,5830,0.2,
formbricks/formbricks,5819,5829,0.12,
freenet/freenet-core,1598,1600,0.35,
freenet/freenet-core,1596,1598,0.95,
freenet/freenet-core,1596,1599,0.15,
freenet/freenet-core,1594,1599,0.42,
freenet/freenet-core,1592,1593,0.48,
freenet/freenet-core,1599,1600,0.82,
freenet/freenet-core,1592,1599,0.38,
freenet/freenet-core,1596,1600,0.28,
freenet/freenet-core,1593,1598,0.22,
freenet/freenet-core,1594,1596,0.18,
freenet/freenet-core,1592,1600,0.85,
freenet/freenet-core,1592,1596,0.75,
freenet/freenet-core,1592,1594,0.45,
freenet/freenet-core,1593,1596,0.8,
freenet/freenet-core,1593,1600,0.85,
freenet/freenet-core,1594,1598,0.75,
freenet/freenet-core,1592,1598,0.7,
freenet/freenet-core,1594,1600,0.55,
freenet/freenet-core,1593,1594,0.7,
freenet/freenet-core,1584,1585,0.4,
freenet/freenet-core,1598,1599,0.28,
freenet/freenet-core,1593,1599,0.42,
getsentry/sentry-dart,3084,3090,0.12,
getsentry/sentry-dart,3080,3083,0.08,
getsentry/sentry-dart,3079,3083,0.08,
getsentry/sentry-dart,3079,3084,0.75,
getsentry/sentry-dart,3079,3080,0.08,
getsentry/sentry-dart,3083,3084,0.12,
getsentry/sentry-dart,3080,3084,0.08,
getsentry/sentry-javascript,16556,16558,0.38,
getsentry/sentry-javascript,16956,16959,0.12,
getsentry/sentry-javascript,16744,16956,0.15,
getsentry/sentry-javascript,16956,16957,0.12,
getsentry/sentry-javascript,16556,16710,0.06,
getsentry/sentry-javascript,16556,16832,0.42,
getsentry/sentry-javascript,16744,16959,0.15,
getsentry/sentry-javascript,16556,16956,0.12,
getsentry/sentry-javascript,16744,16958,0.15,
getsentry/sentry-javascript,16956,16958,0.12,
getsentry/sentry-javascript,16744,16957,0.15,
getsentry/sentry-javascript,16556,16557,0.15,
getsentry/sentry-javascript,16726,16744,0.5,
getsentry/sentry-javascript,16958,16959,0.25,
getsentry/sentry-javascript,16957,16959,0.2,
getsentry/sentry-javascript,16724,16726,0.55,
getsentry/sentry-javascript,16556,16724,0.4,
getsentry/sentry-javascript,16556,16661,0.15,
getsentry/sentry-javascript,16556,16958,0.15,
getsentry/sentry-javascript,16556,16744,0.45,
getsentry/sentry-javascript,16556,16726,0.35,
getsentry/sentry-javascript,16556,16959,0.15,
getsentry/sentry-javascript,16557,16558,0.05,
getsentry/sentry-javascript,16539,16553,0.05,
getsentry/sentry-javascript,16957,16958,0.25,
getsentry/sentry-javascript,16556,16957,0.1,
getsentry/sentry-javascript,16744,16832,0.15,
getsentry/sentry-python,4476,4487,0.65,
getsentry/sentry-python,4474,4476,0.1,
getsentry/sentry-python,4459,4476,0.05,
getsentry/sentry-python,4459,4487,0.55,
getsentry/sentry-python,4459,4474,0.18,
getsentry/sentry-python,4474,4487,0.87,
github/gh-gei,1352,1379,0.37,
github/gh-gei,1351,1360,0.12,
github/gh-gei,1349,1360,0.1,
github/gh-gei,1349,1377,0.08,
github/gh-gei,1351,1352,0.15,
github/gh-gei,1351,1379,0.15,
github/gh-gei,1351,1386,0.72,
github/gh-gei,1352,1382,0.12,
github/gh-gei,1375,1377,0.95,
github/gh-gei,1351,1354,0.15,
github/gh-gei,1351,1383,0.2,
github/gh-gei,1352,1385,0.2,
github/gh-gei,1349,1379,0.1,
github/gh-gei,1382,1383,0.15,
github/gh-gei,1352,1383,0.35,
github/gh-gei,1351,1359,0.05,
github/gh-gei,1359,1360,0.05,
github/gh-gei,1352,1386,0.4,
github/gh-gei,1349,1375,0.08,
github/gh-gei,1383,1386,0.9,
github/gh-gei,1382,1385,0.05,
github/gh-gei,1349,1373,0.08,
github/gh-gei,1351,1382,0.08,
github/gh-gei,1373,1379,0.3,
github/gh-gei,1351,1373,0.08,
github/gh-gei,1383,1385,0.92,
github/gh-gei,1352,1375,0.03,
github/gh-gei,1385,1386,0.92,
github/gh-gei,1352,1359,0.15,
github/gh-gei,1354,1360,0.95,
github/gh-gei,1373,1377,0.05,
github/gh-gei,1352,1354,0.8,
github/gh-gei,1352,1373,0.9,
github/gh-gei,1352,1384,0.2,
github/gh-gei,1351,1385,0.1,
github/gh-gei,1349,1352,0.05,
github/gh-gei,1352,1360,0.85,
github/gh-gei,1382,1384,0.05,
github/gh-gei,1352,1377,0.05,
github/gh-gei,1349,1359,0.05,
github/gh-gei,1351,1377,0.1,
github/gh-gei,1351,1384,0.2,
github/gh-gei,1373,1375,0.05,
github/gh-gei,1351,1375,0.05,
github/gh-gei,1354,1359,0.05,
github/gh-gei,1383,1384,0.85,
github/gh-gei,1384,1386,0.8,
github/gh-gei,1349,1354,0.1,
github/gh-gei,1349,1351,0.4,
github/gh-gei,1382,1386,0.18,
github/gh-gei,1384,1385,0.95,
gmathi/NovelLibrary,243,247,0.4,
gmathi/NovelLibrary,246,247,0.3,
gmathi/NovelLibrary,243,246,0.75,
gmathi/NovelLibrary,243,244,0.85,
gofiber/fiber,3487,3495,0.22,
gofiber/fiber,3508,3604,0.28,
gofiber/fiber,3476,3523,0.22,
gofiber/fiber,3508,3539,0.15,
gofiber/fiber,3487,3494,0.15,
gofiber/fiber,3463,3474,0.1,
gofiber/fiber,3503,3513,0.15,
gofiber/fiber,3522,3531,0.15,
gofiber/fiber,3518,3560,0.12,
gofiber/fiber,3476,3521,0.25,
gofiber/fiber,3526,3527,0.1,
gofiber/fiber,3508,3530,0.25,
gofiber/fiber,3518,3527,0.1,
gofiber/fiber,3582,3608,0.12,
gofiber/fiber,3487,3539,0.2,
gofiber/fiber,3503,3508,0.42,
gofiber/fiber,3503,3505,0.1,
gofiber/fiber,3508,3560,0.13,
gofiber/fiber,3487,3524,0.15,
gofiber/fiber,3508,3582,0.28,
gofiber/fiber,3508,3521,0.4,
gofiber/fiber,3472,3474,0.05,
gofiber/fiber,3582,3604,0.18,
gofiber/fiber,3476,3527,0.15,
gofiber/fiber,3505,3507,0.28,
gofiber/fiber,3487,3531,0.1,
gofiber/fiber,3583,3604,0.25,
gofiber/fiber,3487,3522,0.15,
gofiber/fiber,3522,3529,0.08,
gofiber/fiber,3487,3520,0.12,
gofiber/fiber,3482,3484,0.32,
gofiber/fiber,3508,3585,0.18,
gofiber/fiber,3530,3531,0.08,
gofiber/fiber,3476,3530,0.15,
gofiber/fiber,3488,3491,0.1,
gofiber/fiber,3518,3523,0.12,
gofiber/fiber,3476,3531,0.15,
gofiber/fiber,3508,3608,0.3,
gofiber/fiber,3494,3495,0.15,
gofiber/fiber,3627,3628,0.92,
gofiber/fiber,3627,3629,0.15,
gofiber/fiber,3505,3513,0.1,
gofiber/fiber,3476,3488,0.15,
gofiber/fiber,3476,3522,0.15,
gofiber/fiber,3495,3503,0.45,
gofiber/fiber,3582,3629,0.1,
gofiber/fiber,3523,3524,0.15,
gofiber/fiber,3463,3467,0.15,
gofiber/fiber,3583,3590,0.3,
gofiber/fiber,3487,3513,0.4,
gofiber/fiber,3472,3475,0.1,
gofiber/fiber,3522,3530,0.4,
gofiber/fiber,3580,3582,0.15,
gofiber/fiber,3582,3627,0.8,
gofiber/fiber,3580,3583,0.35,
gofiber/fiber,3508,3522,0.15,
gofiber/fiber,3518,3524,0.1,
gofiber/fiber,3524,3527,0.1,
gofiber/fiber,3518,3522,0.25,
gofiber/fiber,3522,3526,0.12,
gofiber/fiber,3580,3585,0.12,
gofiber/fiber,3608,3614,0.12,
gofiber/fiber,3518,3559,0.3,
gofiber/fiber,3508,3558,0.15,
gofiber/fiber,3476,3520,0.2,
gofiber/fiber,3508,3529,0.28,
gofiber/fiber,3487,3523,0.15,
gofiber/fiber,3487,3530,0.15,
gofiber/fiber,3518,3530,0.1,
gofiber/fiber,3508,3518,0.05,
gofiber/fiber,3487,3518,0.38,
gofiber/fiber,3476,3482,0.15,
gofiber/fiber,3518,3590,0.72,
gofiber/fiber,3582,3585,0.15,
gofiber/fiber,3476,3491,0.2,
gofiber/fiber,3476,3484,0.15,
gofiber/fiber,3508,3520,0.4,
gofiber/fiber,3508,3526,0.6,
gofiber/fiber,3463,3470,0.2,
gofiber/fiber,3628,3629,0.2,
gofiber/fiber,3518,3529,0.2,
gofiber/fiber,3471,3472,0.3,
gofiber/fiber,3476,3524,0.3,
gofiber/fiber,3508,3575,0.15,
gofiber/fiber,3522,3527,0.1,
gofiber/fiber,3518,3531,0.1,
gofiber/fiber,3463,3482,0.15,
gofiber/fiber,3518,3539,0.15,
gofiber/fiber,3582,3583,0.25,
gofiber/fiber,3518,3558,0.4,
gofiber/fiber,3583,3585,0.1,
gofiber/fiber,3508,3513,0.1,
gofiber/fiber,3463,3476,0.25,
gofiber/fiber,3518,3575,0.05,
gofiber/fiber,3518,3582,0.1,
gofiber/fiber,3505,3508,0.1,
gofiber/fiber,3508,3583,0.05,
gofiber/fiber,3463,3465,0.03,
gofiber/fiber,3518,3580,0.15,
gofiber/fiber,3508,3614,0.08,
gofiber/fiber,3476,3513,0.08,
gofiber/fiber,3463,3471,0.05,
gofiber/fiber,3508,3590,0.35,
gofiber/fiber,3476,3487,0.2,
gofiber/fiber,3476,3508,0.35,
gofiber/fiber,3463,3472,0.05,
gofiber/fiber,3518,3520,0.08,
gofiber/fiber,3608,3617,0.55,
gofiber/fiber,3508,3559,0.5,
gofiber/fiber,3463,3464,0.22,
gofiber/fiber,3476,3507,0.4,
gofiber/fiber,3476,3503,0.08,
gofiber/fiber,3487,3521,0.85,
gofiber/fiber,3487,3526,0.2,
gofiber/fiber,3487,3507,0.1,
gofiber/fiber,3476,3494,0.15,
gofiber/fiber,3518,3576,0.2,
gofiber/fiber,3476,3526,0.05,
gofiber/fiber,3476,3505,0.1,
gofiber/fiber,3518,3583,0.25,
gofiber/fiber,3518,3521,0.08,
gofiber/fiber,3582,3590,0.15,
gofiber/fiber,3508,3523,0.12,
gofiber/fiber,3487,3505,0.12,
gofiber/fiber,3582,3614,0.05,
gofiber/fiber,3463,3484,0.1,
gofiber/fiber,3518,3585,0.05,
gofiber/fiber,3487,3488,0.75,
gofiber/fiber,3487,3503,0.2,
gofiber/fiber,3508,3531,0.25,
gofiber/fiber,3508,3527,0.3,
gofiber/fiber,3524,3526,0.05,
gofiber/fiber,3508,3576,0.3,
gofiber/fiber,3582,3628,0.75,
gofiber/fiber,3522,3524,0.15,
gofiber/fiber,3518,3526,0.12,
gofiber/fiber,3476,3495,0.18,
gofiber/fiber,3487,3527,0.22,
gofiber/fiber,3583,3614,0.12,
gofiber/fiber,3582,3617,0.45,
gofiber/fiber,3487,3508,0.28,
gofiber/fiber,3520,3521,0.12,
gofiber/fiber,3583,3608,0.25,
gofiber/fiber,3487,3529,0.05,
gofiber/fiber,3508,3524,0.15,
gofiber/fiber,3476,3529,0.05,
gofiber/fiber,3503,3507,0.2,
gofiber/fiber,3487,3491,0.05,
gofiber/fiber,3463,3475,0.05,
gofiber/fiber,3476,3539,0.2,
gofiber/fiber,3522,3523,0.15,
gofiber/fiber,3508,3580,0.2,
gofiber/fiber,3476,3518,0.25,
golang-design/clipboard,75,81,0.25,
golang-design/clipboard,73,75,0.15,
golang-design/clipboard,76,81,0.65,
golang-design/clipboard,75,77,0.08,
golang-design/clipboard,73,78,0.35,
golang-design/clipboard,76,80,0.05,
golang-design/clipboard,73,77,0.08,
golang-design/clipboard,76,78,0.4,
golang-design/clipboard,74,76,0.25,
golang-design/clipboard,74,75,0.12,
golang-design/clipboard,75,76,0.75,
golang-design/clipboard,75,79,0.15,
golang-design/clipboard,76,77,0.2,
golang-design/clipboard,74,77,0.05,
golang-design/clipboard,75,80,0.3,
golang-design/clipboard,74,78,0.35,
golang-design/clipboard,73,76,0.65,
golang-design/clipboard,73,74,0.85,
golang-design/clipboard,76,79,0.1,
golang-design/clipboard,75,78,0.4,
green-coding-solutions/green-metrics-tool,1253,1255,0.2,
gridaco/grida,371,372,0.12,
gridaco/grida,359,360,0.25,
gridaco/grida,346,348,0.08,
gridaco/grida,359,361,0.35,
gridaco/grida,345,346,0.55,
gridaco/grida,359,363,0.35,
gridaco/grida,360,361,0.2,
grll/mcpadapt,59,60,0.12,
grll/mcpadapt,58,59,0.08,
grll/mcpadapt,57,59,0.05,
grll/mcpadapt,57,60,0.05,
grll/mcpadapt,57,58,0.05,
grll/mcpadapt,58,60,0.1,
gtg922r/obsidian-numerals,102,104,0.05,
gtg922r/obsidian-numerals,100,104,0.05,
gtg922r/obsidian-numerals,100,102,0.2,
huggingface/huggingface.js,1490,1491,0.8,
huggingface/huggingface.js,1489,1491,0.85,
huggingface/huggingface.js,1489,1490,0.7,
hyperion-mc/hyperion,900,901,0.15,
hyperlight-dev/hyperlight,641,647,0.2,
hyperlight-dev/hyperlight,641,724,0.1,
hyperlight-dev/hyperlight,519,641,0.1,
hyperlight-dev/hyperlight,641,682,0.05,
hyperlight-dev/hyperlight,512,513,0.28,
hyperlight-dev/hyperlight,641,658,0.05,
hyperlight-dev/hyperlight,510,513,0.35,
hyperlight-dev/hyperlight,519,658,0.05,
hyperlight-dev/hyperlight,519,682,0.05,
hyperlight-dev/hyperlight,512,519,0.9,
hyperlight-dev/hyperlight,510,512,0.7,
hyperlight-dev/hyperlight,519,647,0.15,
hyperlight-dev/hyperlight,641,730,0.95,
igraph/igraph,2796,2797,0.1,
igraph/igraph,2795,2797,0.1,
igraph/igraph,2795,2796,0.1,
imbhargav5/rooks,1815,1818,0.45,
imbhargav5/rooks,1816,1818,0.45,
imbhargav5/rooks,1809,1831,0.5,
imbhargav5/rooks,1815,1817,0.32,
imbhargav5/rooks,1814,1819,0.32,
imbhargav5/rooks,1809,1834,0.12,
imbhargav5/rooks,1808,1809,0.45,
imbhargav5/rooks,1809,1841,0.28,
imbhargav5/rooks,1818,1819,0.32,
imbhargav5/rooks,1809,1849,0.38,
imbhargav5/rooks,1809,1839,0.14,
imbhargav5/rooks,1817,1818,0.32,
imbhargav5/rooks,1815,1819,0.32,
imbhargav5/rooks,1809,1824,0.28,
imbhargav5/rooks,1817,1819,0.42,
imbhargav5/rooks,1809,1838,0.32,
imbhargav5/rooks,1809,1848,0.58,
imbhargav5/rooks,1809,1845,0.32,
imbhargav5/rooks,1809,1825,0.32,
imbhargav5/rooks,1801,1803,0.62,
imbhargav5/rooks,1809,1847,0.32,
imbhargav5/rooks,1809,1833,0.58,
imbhargav5/rooks,1798,1799,0.28,
imbhargav5/rooks,1815,1822,0.25,
imbhargav5/rooks,1809,1812,0.25,
imbhargav5/rooks,1801,1802,0.1,
imbhargav5/rooks,1835,1836,0.2,
imbhargav5/rooks,1809,1827,0.25,
imbhargav5/rooks,1809,1810,0.08,
imbhargav5/rooks,1809,1823,0.3,
imbhargav5/rooks,1809,1832,0.08,
imbhargav5/rooks,1809,1836,0.35,
imbhargav5/rooks,1838,1839,0.08,
imbhargav5/rooks,1816,1819,0.2,
imbhargav5/rooks,1809,1814,0.08,
imbhargav5/rooks,1846,1847,0.2,
imbhargav5/rooks,1815,1816,0.2,
imbhargav5/rooks,1809,1819,0.08,
imbhargav5/rooks,1809,1835,0.3,
imbhargav5/rooks,1809,1820,0.35,
imbhargav5/rooks,1814,1816,0.2,
imbhargav5/rooks,1795,1796,0.1,
imbhargav5/rooks,1809,1815,0.08,
imbhargav5/rooks,1807,1808,0.25,
imbhargav5/rooks,1814,1815,0.25,
imbhargav5/rooks,1809,1817,0.3,
imbhargav5/rooks,1845,1847,0.25,
imbhargav5/rooks,1807,1810,0.08,
imbhargav5/rooks,1812,1813,0.25,
imbhargav5/rooks,1814,1818,0.25,
imbhargav5/rooks,1809,1821,0.3,
imbhargav5/rooks,1809,1816,0.3,
imbhargav5/rooks,1840,1841,0.35,
imbhargav5/rooks,1809,1828,0.3,
imbhargav5/rooks,1809,1846,0.3,
imbhargav5/rooks,1809,1822,0.3,
imbhargav5/rooks,1815,1821,0.25,
imbhargav5/rooks,1796,1797,0.35,
imbhargav5/rooks,1809,1840,0.35,
imbhargav5/rooks,1809,1813,0.3,
imbhargav5/rooks,1809,1843,0.5,
imbhargav5/rooks,1809,1818,0.3,
imbhargav5/rooks,1807,1809,0.3,
imbhargav5/rooks,1816,1817,0.25,
imbhargav5/rooks,1815,1820,0.65,
imbhargav5/rooks,1814,1817,0.2,
imbhargav5/rooks,1808,1810,0.05,
imbhargav5/rooks,1845,1846,0.2,
imbhargav5/rooks,1809,1829,0.12,
imbhargav5/rooks,1809,1826,0.12,
imgntn/j360,30,32,0.75,
imgntn/j360,30,37,0.7,
imgntn/j360,23,26,0.85,
imgntn/j360,30,38,0.75,
imgntn/j360,30,34,0.25,
imgntn/j360,23,25,0.8,
imgntn/j360,30,35,0.45,
imgntn/j360,30,36,0.35,
imgntn/j360,30,31,0.7,
imgntn/j360,23,24,0.85,
imgntn/j360,30,33,0.85,
ithacaxyz/account,208,210,0.8,
jinia91/blog,116,117,0.15,
jis3r/icons,29,30,0.2,
johnlindquist/kit,1589,1590,0.15,
johnpapa/shopathome,219,221,0.35,
johnpapa/shopathome,217,219,0.75,
johnpapa/shopathome,217,221,0.3,
johnpapa/shopathome,217,223,0.12,
johnpapa/shopathome,219,223,0.18,
jxxghp/MoviePilot-Frontend,367,368,0.25,
jxxghp/MoviePilot-Frontend,365,366,0.4,
jxxghp/MoviePilot-Frontend,357,358,0.9,
kern/filepizza,278,292,0.4,
kern/filepizza,290,293,0.2,
kern/filepizza,278,290,0.3,
kern/filepizza,280,293,0.65,
kern/filepizza,278,287,0.75,
kern/filepizza,290,292,0.15,
kern/filepizza,278,280,0.45,
kern/filepizza,280,292,0.6,
kern/filepizza,278,293,0.35,
kern/filepizza,280,287,0.4,
kern/filepizza,277,278,0.7,
kern/filepizza,280,290,0.45,
kern/filepizza,292,293,0.85,
kubernetes-sigs/blob-csi-driver,2067,2068,0.15,
kubernetes-sigs/blob-csi-driver,2066,2068,0.1,
kubernetes-sigs/blob-csi-driver,2066,2067,0.6,
kyryl-opens-ml/no-ocr,14,16,0.6,
kyryl-opens-ml/no-ocr,15,16,0.75,
kyryl-opens-ml/no-ocr,14,15,0.3,
kyryl-opens-ml/no-ocr,11,12,0.2,
laiso/askrepo,8,9,0.95,
langchain-ai/langchain,32160,32274,0.05,
langchain-ai/langchain,32161,32162,0.15,
langchain-ai/langchain,32160,32162,0.15,
langchain-ai/langchain,32163,32274,0.05,
langchain-ai/langchain,32160,32163,0.1,
langchain-ai/langchain,32160,32161,0.2,
langchain-ai/langchain,32162,32163,0.08,
langchain-ai/langchain,32161,32163,0.1,
latitude-dev/latitude-llm,1385,1390,0.25,
lidofinance/diffyscan,90,92,0.02,
lidofinance/diffyscan,91,94,0.5,
lidofinance/diffyscan,93,94,0.4,
lidofinance/diffyscan,91,95,0.2,
lidofinance/diffyscan,95,96,0.05,
lidofinance/diffyscan,91,93,0.02,
lidofinance/diffyscan,91,92,0.02,
lidofinance/diffyscan,91,96,0.98,
lidofinance/diffyscan,92,95,0.95,
lidofinance/diffyscan,92,94,0.02,
lidofinance/diffyscan,93,95,0.15,
lidofinance/diffyscan,90,93,0.05,
lidofinance/diffyscan,90,91,0.08,
lidofinance/diffyscan,92,93,0.05,
lidofinance/diffyscan,94,95,0.4,
lostintangent/gistpad,390,392,0.25,
lostintangent/gistpad,395,398,0.2,
lostintangent/gistpad,397,398,0.35,
lostintangent/gistpad,397,400,0.6,
lostintangent/gistpad,400,402,0.75,
lostintangent/gistpad,395,397,0.75,
lostintangent/gistpad,391,392,0.55,
lostintangent/gistpad,401,402,0.35,
lostintangent/gistpad,397,401,0.2,
lostintangent/gistpad,396,398,0.75,
lostintangent/gistpad,401,406,0.3,
lostintangent/gistpad,400,401,0.2,
lostintangent/gistpad,395,396,0.72,
lostintangent/gistpad,390,391,0.25,
lostintangent/gistpad,396,397,0.78,
lostintangent/gistpad,397,406,0.15,
lostintangent/gistpad,397,402,0.2,
mastra-ai/mastra,6292,6330,0.25,
mastra-ai/mastra,4309,4310,0.4,
mastra-ai/mastra,4308,4310,0.95,
mastra-ai/mastra,4310,4793,0.2,
mastra-ai/mastra,4308,4309,0.35,
mastra-ai/mastra,6084,6085,0.1,
mautic/mautic,15249,15250,0.7,
mautic/mautic,15078,15250,0.15,
mautic/mautic,15078,15249,0.2,
michaellatman/mcp-get,114,115,0.2,
michaellatman/mcp-get,112,114,0.5,
michaellatman/mcp-get,112,113,0.5,
michaellatman/mcp-get,115,116,0.95,
michaellatman/mcp-get,113,114,0.2,
michaellatman/mcp-get,110,111,0.2,
michaellatman/mcp-get,113,115,0.2,
michaellatman/mcp-get,112,115,0.5,
microsoft/AL-Go,1824,1830,0.2,
microsoft/AL-Go,1823,1830,0.15,
microsoft/AL-Go,1823,1824,0.1,
microsoft/GSL,1206,1208,0.08,
microsoft/HydraLab,694,695,0.95,
microsoft/Qcodes,7222,7240,0.4,
microsoft/Qcodes,7213,7240,0.15,
microsoft/Qcodes,7213,7222,0.5,
microsoft/WinUI-Gallery,1974,1981,0.05,
microsoft/WinUI-Gallery,1974,1976,0.05,
microsoft/WinUI-Gallery,1978,1980,0.15,
microsoft/WinUI-Gallery,1975,1981,0.05,
microsoft/WinUI-Gallery,1977,1981,0.05,
microsoft/WinUI-Gallery,1975,1982,0.05,
microsoft/WinUI-Gallery,1979,1981,0.08,
microsoft/WinUI-Gallery,1980,1982,0.07,
microsoft/WinUI-Gallery,1974,1977,0.25,
microsoft/WinUI-Gallery,1973,1978,0.05,
microsoft/WinUI-Gallery,1974,1978,0.38,
microsoft/WinUI-Gallery,1976,1981,0.05,
microsoft/WinUI-Gallery,1978,1981,0.05,
microsoft/WinUI-Gallery,1979,1980,0.15,
microsoft/WinUI-Gallery,1982,1983,0.1,
microsoft/WinUI-Gallery,1974,1975,0.3,
microsoft/WinUI-Gallery,1980,1983,0.2,
microsoft/WinUI-Gallery,1976,1979,0.05,
microsoft/WinUI-Gallery,1973,1979,0.1,
microsoft/WinUI-Gallery,1973,1981,0.05,
microsoft/WinUI-Gallery,1974,1980,0.88,
microsoft/WinUI-Gallery,1974,1979,0.15,
microsoft/WinUI-Gallery,1981,1982,0.05,
microsoft/WinUI-Gallery,1978,1979,0.15,
microsoft/WinUI-Gallery,1974,1983,0.35,
microsoft/WinUI-Gallery,1975,1977,0.6,
microsoft/WinUI-Gallery,1976,1978,0.1,
microsoft/WinUI-Gallery,1977,1980,0.6,
microsoft/WinUI-Gallery,1975,1976,0.4,
microsoft/WinUI-Gallery,1975,1979,0.15,
microsoft/WinUI-Gallery,1980,1981,0.7,
microsoft/WinUI-Gallery,1977,1978,0.3,
microsoft/WinUI-Gallery,1978,1982,0.1,
microsoft/WinUI-Gallery,1973,1975,0.15,
microsoft/WinUI-Gallery,1975,1978,0.12,
microsoft/WinUI-Gallery,1975,1983,0.6,
microsoft/WinUI-Gallery,1976,1980,0.4,
microsoft/WinUI-Gallery,1973,1977,0.12,
microsoft/WinUI-Gallery,1975,1980,0.35,
microsoft/WinUI-Gallery,1974,1982,0.7,
microsoft/WinUI-Gallery,1973,1980,0.15,
microsoft/WinUI-Gallery,1977,1979,0.2,
microsoft/WinUI-Gallery,1976,1977,0.12,
microsoft/WinUI-Gallery,1979,1982,0.2,
microsoft/WinUI-Gallery,1979,1983,0.15,
microsoft/WinUI-Gallery,1973,1976,0.15,
microsoft/WinUI-Gallery,1973,1974,0.35,
microsoft/WinUI-Gallery,1981,1983,0.1,
microsoft/WinUI-Gallery,1978,1983,0.1,
microsoft/Windows-classic-samples,385,386,0.85,
microsoft/ebpf-for-windows,4468,4499,0.3,
microsoft/ebpf-for-windows,4476,4500,0.05,
microsoft/ebpf-for-windows,4506,4527,0.05,
microsoft/ebpf-for-windows,4472,4499,0.15,
microsoft/ebpf-for-windows,4468,4476,0.05,
microsoft/ebpf-for-windows,4466,4468,0.05,
microsoft/ebpf-for-windows,4472,4500,0.1,
microsoft/ebpf-for-windows,4501,4527,0.05,
microsoft/ebpf-for-windows,4471,4501,0.1,
microsoft/ebpf-for-windows,4472,4495,0.1,
microsoft/ebpf-for-windows,4466,4471,0.1,
microsoft/ebpf-for-windows,4466,4476,0.1,
microsoft/ebpf-for-windows,4491,4499,0.85,
microsoft/ebpf-for-windows,4472,4501,0.05,
microsoft/ebpf-for-windows,4471,4500,0.05,
microsoft/ebpf-for-windows,4491,4501,0.05,
microsoft/ebpf-for-windows,4472,4506,0.2,
microsoft/ebpf-for-windows,4466,4472,0.1,
microsoft/ebpf-for-windows,4466,4491,0.05,
microsoft/ebpf-for-windows,4468,4500,0.05,
microsoft/ebpf-for-windows,4491,4506,0.05,
microsoft/ebpf-for-windows,4476,4499,0.15,
microsoft/ebpf-for-windows,4476,4501,0.05,
microsoft/ebpf-for-windows,4466,4527,0.05,
microsoft/ebpf-for-windows,4476,4491,0.05,
microsoft/ebpf-for-windows,4472,4527,0.05,
microsoft/ebpf-for-windows,4471,4499,0.08,
microsoft/ebpf-for-windows,4468,4491,0.05,
microsoft/ebpf-for-windows,4468,4471,0.05,
microsoft/ebpf-for-windows,4466,4500,0.15,
microsoft/ebpf-for-windows,4471,4491,0.05,
microsoft/ebpf-for-windows,4499,4506,0.08,
microsoft/ebpf-for-windows,4468,4495,0.5,
microsoft/ebpf-for-windows,4476,4527,0.05,
microsoft/ebpf-for-windows,4468,4472,0.03,
microsoft/ebpf-for-windows,4472,4476,0.03,
microsoft/ebpf-for-windows,4466,4499,0.02,
microsoft/ebpf-for-windows,4499,4500,0.02,
microsoft/ebpf-for-windows,4472,4491,0.03,
microsoft/ebpf-for-windows,4500,4501,0.95,
microsoft/ebpf-for-windows,4471,4506,0.2,
microsoft/ebpf-for-windows,4501,4506,0.02,
microsoft/ebpf-for-windows,4466,4501,0.02,
microsoft/ebpf-for-windows,4462,4468,0.08,
microsoft/ebpf-for-windows,4471,4476,0.03,
microsoft/ebpf-for-windows,4466,4506,0.08,
microsoft/ebpf-for-windows,4491,4495,0.35,
microsoft/ebpf-for-windows,4462,4472,0.03,
microsoft/ebpf-for-windows,4476,4495,0.03,
microsoft/ebpf-for-windows,4491,4500,0.02,
microsoft/ebpf-for-windows,4476,4506,0.02,
microsoft/ebpf-for-windows,4471,4495,0.02,
microsoft/ebpf-for-windows,4466,4495,0.02,
microsoft/ebpf-for-windows,4471,4472,0.8,
microsoft/ebpf-for-windows,4468,4501,0.05,
microsoft/ebpf-for-windows,4471,4527,0.08,
microsoft/ebpf-for-windows,4462,4471,0.08,
microsoft/ebpf-for-windows,4462,4466,0.08,
microsoft/ebpf-for-windows,4500,4506,0.08,
microsoft/ebpf-for-windows,4468,4506,0.08,
microsoft/ebpf-for-windows,4499,4501,0.08,
microsoft/go-mssqldb,269,271,0.2,
microsoft/go-mssqldb,266,271,0.25,
microsoft/go-mssqldb,266,269,0.7,
microsoft/magentic-ui,55,62,0.08,
microsoft/magentic-ui,54,55,0.03,
microsoft/magentic-ui,55,59,0.05,
microsoft/magentic-ui,59,62,0.03,
microsoft/magentic-ui,55,70,0.25,
microsoft/openvmm,1573,1591,0.12,
microsoft/openvmm,1591,1720,0.03,
microsoft/openvmm,1572,1573,0.35,
microsoft/openvmm,1657,1660,0.3,
microsoft/openvmm,1592,1690,0.08,
microsoft/openvmm,1572,1720,0.2,
microsoft/openvmm,1572,1577,0.12,
microsoft/openvmm,1657,1698,0.3,
microsoft/openvmm,1655,1660,0.25,
microsoft/openvmm,1575,1690,0.05,
microsoft/openvmm,1592,1660,0.08,
microsoft/openvmm,1572,1739,0.35,
microsoft/openvmm,1661,1690,0.12,
microsoft/openvmm,1574,1576,0.65,
microsoft/openvmm,1572,1575,0.05,
microsoft/openvmm,1575,1592,0.05,
microsoft/openvmm,1573,1583,0.05,
microsoft/openvmm,1576,1583,0.55,
microsoft/openvmm,1573,1653,0.05,
microsoft/openvmm,1573,1575,0.05,
microsoft/openvmm,1572,1657,0.05,
microsoft/openvmm,1657,1661,0.05,
microsoft/openvmm,1571,1574,0.05,
microsoft/openvmm,1655,1720,0.22,
microsoft/openvmm,1575,1657,0.1,
microsoft/openvmm,1655,1657,0.15,
microsoft/openvmm,1571,1575,0.08,
microsoft/openvmm,1720,1739,0.1,
microsoft/openvmm,1690,1698,0.28,
microsoft/openvmm,1591,1698,0.22,
microsoft/openvmm,1592,1661,0.08,
microsoft/openvmm,1661,1698,0.15,
microsoft/openvmm,1592,1720,0.08,
microsoft/openvmm,1591,1739,0.08,
microsoft/openvmm,1575,1660,0.05,
microsoft/openvmm,1575,1591,0.05,
microsoft/openvmm,1574,1577,0.45,
microsoft/openvmm,1572,1661,0.35,
microsoft/openvmm,1660,1661,0.05,
microsoft/openvmm,1573,1698,0.15,
microsoft/openvmm,1571,1573,0.05,
microsoft/openvmm,1655,1661,0.2,
microsoft/openvmm,1653,1655,0.05,
microsoft/openvmm,1592,1655,0.05,
microsoft/openvmm,1572,1574,0.3,
microsoft/openvmm,1571,1577,0.1,
microsoft/openvmm,1573,1577,0.1,
microsoft/openvmm,1591,1655,0.25,
microsoft/openvmm,1573,1655,0.1,
microsoft/openvmm,1573,1574,0.25,
microsoft/openvmm,1661,1720,0.7,
microsoft/openvmm,1591,1661,0.08,
microsoft/openvmm,1571,1572,0.08,
microsoft/openvmm,1575,1653,0.08,
microsoft/openvmm,1572,1592,0.25,
microsoft/openvmm,1573,1660,0.08,
microsoft/openvmm,1572,1576,0.18,
microsoft/openvmm,1591,1653,0.04,
microsoft/openvmm,1575,1583,0.04,
microsoft/openvmm,1591,1660,0.03,
microsoft/openvmm,1571,1576,0.88,
microsoft/openvmm,1591,1592,0.15,
microsoft/openvmm,1573,1739,0.12,
microsoft/openvmm,1573,1661,0.06,
microsoft/openvmm,1592,1698,0.05,
microsoft/openvmm,1572,1653,0.12,
microsoft/openvmm,1573,1720,0.05,
microsoft/openvmm,1575,1576,0.03,
microsoft/openvmm,1575,1698,0.03,
microsoft/openvmm,1575,1577,0.05,
microsoft/openvmm,1573,1592,0.05,
microsoft/openvmm,1572,1660,0.23,
microsoft/openvmm,1655,1739,0.14,
microsoft/openvmm,1661,1739,0.05,
microsoft/openvmm,1655,1690,0.1,
microsoft/openvmm,1576,1577,0.08,
microsoft/openvmm,1575,1739,0.12,
microsoft/openvmm,1572,1698,0.28,
microsoft/openvmm,1655,1698,0.1,
microsoft/openvmm,1572,1591,0.4,
microsoft/openvmm,1572,1655,0.08,
microsoft/openvmm,1591,1657,0.08,
microsoft/openvmm,1575,1655,0.32,
microsoft/openvmm,1573,1690,0.12,
microsoft/openvmm,1575,1661,0.05,
microsoft/openvmm,1573,1576,0.05,
microsoft/openvmm,1657,1690,0.3,
microsoft/openvmm,1657,1720,0.05,
microsoft/openvmm,1592,1653,0.05,
microsoft/openvmm,1572,1583,0.05,
microsoft/openvmm,1575,1720,0.05,
microsoft/openvmm,1574,1575,0.4,
microsoft/openvmm,1592,1739,0.05,
microsoft/openvmm,1591,1690,0.1,
microsoft/openvmm,1572,1690,0.1,
microsoft/openvmm,1592,1657,0.05,
microsoft/openvmm,1573,1657,0.05,
microsoft/playwright,36050,36374,0.15,
microsoft/playwright,36059,36450,0.08,
microsoft/playwright,36050,36366,0.05,
microsoft/playwright,36050,36450,0.05,
microsoft/playwright,36014,36059,0.12,
microsoft/playwright,36050,36397,0.05,
microsoft/playwright,36014,36050,0.05,
microsoft/playwright,36059,36374,0.35,
microsoft/playwright,36059,36397,0.12,
microsoft/playwright,36050,36059,0.12,
microsoft/playwright,36012,36014,0.58,
microsoft/playwright,36059,36366,0.12,
microsoft/presidio,1647,1650,0.96,
microsoft/presidio,1649,1650,0.96,
microsoft/presidio,1647,1649,0.96,
microsoft/presidio,1644,1645,0.96,
microsoft/project-oagents,107,108,0.3,
microsoft/sbom-tool,1092,1094,0.08,
microsoft/testfx,5601,5613,0.05,
microsoft/testfx,5607,6060,0.35,
microsoft/testfx,5786,5815,0.08,
microsoft/testfx,5795,6058,0.08,
microsoft/testfx,5790,5797,0.08,
microsoft/testfx,5795,5818,0.08,
microsoft/testfx,6058,6060,0.12,
microsoft/testfx,5698,5783,0.45,
microsoft/testfx,5607,5698,0.15,
microsoft/testfx,5655,5819,0.15,
microsoft/testfx,5607,5655,0.08,
microsoft/testfx,6190,6239,0.25,
microsoft/testfx,5698,6021,0.1,
microsoft/testfx,6071,6239,0.08,
microsoft/testfx,5698,5942,0.28,
microsoft/testfx,5941,6055,0.45,
microsoft/testfx,5655,5941,0.1,
microsoft/testfx,5942,5944,0.08,
microsoft/testfx,5655,5790,0.08,
microsoft/testfx,6163,6200,0.2,
microsoft/testfx,5698,6055,0.1,
microsoft/testfx,5607,6162,0.12,
microsoft/testfx,5705,5706,0.18,
microsoft/testfx,5792,5819,0.28,
microsoft/testfx,5941,6071,0.22,
microsoft/testfx,6165,6166,0.35,
microsoft/testfx,5786,5793,0.16,
microsoft/testfx,5792,5793,0.28,
microsoft/testfx,5607,5633,0.15,
microsoft/testfx,5795,5804,0.22,
microsoft/testfx,5607,6164,0.08,
microsoft/testfx,5607,6196,0.12,
microsoft/testfx,5655,5765,0.05,
microsoft/testfx,5655,5767,0.05,
microsoft/testfx,5607,5767,0.05,
microsoft/testfx,5793,5797,0.12,
microsoft/testfx,5815,5819,0.12,
microsoft/testfx,6071,6196,0.12,
microsoft/testfx,5655,6190,0.05,
microsoft/testfx,5792,5818,0.2,
microsoft/testfx,5613,5650,0.08,
microsoft/testfx,5655,6055,0.05,
microsoft/testfx,5607,6055,0.05,
microsoft/testfx,5655,6164,0.05,
microsoft/testfx,5607,6071,0.08,
microsoft/testfx,6166,6200,0.2,
microsoft/testfx,5655,6165,0.65,
microsoft/testfx,5607,5792,0.05,
microsoft/testfx,5655,5793,0.05,
microsoft/testfx,6190,6202,0.1,
microsoft/testfx,6163,6164,0.15,
microsoft/testfx,5797,5935,0.1,
microsoft/testfx,5941,6023,0.05,
microsoft/testfx,5698,6058,0.1,
microsoft/testfx,5606,5613,0.4,
microsoft/testfx,5607,5790,0.08,
microsoft/testfx,5941,6058,0.35,
microsoft/testfx,6164,6165,0.08,
microsoft/testfx,6196,6202,0.15,
microsoft/testfx,6023,6060,0.15,
microsoft/testfx,5655,5783,0.2,
microsoft/testfx,5797,5804,0.25,
microsoft/testfx,5607,5941,0.5,
microsoft/testfx,5698,5767,0.1,
microsoft/testfx,5941,6033,0.08,
microsoft/testfx,5607,5944,0.15,
microsoft/testfx,6071,6162,0.12,
microsoft/testfx,5941,6021,0.12,
microsoft/testfx,6163,6202,0.1,
microsoft/testfx,5941,6035,0.2,
microsoft/testfx,5698,5786,0.2,
microsoft/testfx,5795,5819,0.75,
microsoft/testfx,5607,6163,0.15,
microsoft/testfx,6196,6201,0.65,
microsoft/testfx,6165,6215,0.6,
microsoft/testfx,6165,6190,0.2,
microsoft/testfx,5606,5654,0.1,
microsoft/testfx,5818,5941,0.45,
microsoft/testfx,5607,5942,0.7,
microsoft/testfx,5705,5708,0.1,
microsoft/testfx,5795,5990,0.15,
microsoft/testfx,5793,5804,0.2,
microsoft/testfx,6033,6055,0.05,
microsoft/testfx,6200,6201,0.12,
microsoft/testfx,6190,6196,0.08,
microsoft/testfx,5607,6201,0.1,
microsoft/testfx,5607,5654,0.1,
microsoft/testfx,5607,6165,0.18,
microsoft/testfx,5786,5797,0.2,
microsoft/testfx,5795,5942,0.15,
microsoft/testfx,5818,5935,0.2,
microsoft/testfx,6162,6163,0.1,
microsoft/testfx,5698,5790,0.05,
microsoft/testfx,5819,5941,0.1,
microsoft/testfx,5613,5623,0.1,
microsoft/testfx,5942,6035,0.15,
microsoft/testfx,5655,6058,0.1,
microsoft/testfx,6165,6200,0.25,
microsoft/testfx,5795,6021,0.15,
microsoft/testfx,5623,5633,0.2,
microsoft/testfx,5607,6023,0.15,
microsoft/testfx,5942,6071,0.12,
microsoft/testfx,5698,6035,0.35,
microsoft/testfx,5990,6060,0.18,
microsoft/testfx,5698,5818,0.18,
microsoft/testfx,5607,5815,0.12,
microsoft/testfx,6201,6202,0.25,
microsoft/testfx,5607,6058,0.12,
microsoft/testfx,6071,6190,0.2,
microsoft/testfx,6071,6185,0.15,
microsoft/testfx,5990,6021,0.1,
microsoft/testfx,5607,6200,0.32,
microsoft/testfx,5797,5942,0.1,
microsoft/testfx,6023,6058,0.08,
microsoft/testfx,5698,5795,0.2,
microsoft/testfx,5601,5604,0.08,
microsoft/testfx,5819,5935,0.12,
microsoft/testfx,5607,5613,0.06,
microsoft/testfx,6071,6165,0.08,
microsoft/testfx,6058,6071,0.15,
microsoft/testfx,5795,6023,0.1,
microsoft/testfx,6166,6185,0.25,
microsoft/testfx,6163,6165,0.12,
microsoft/testfx,6162,6166,0.18,
microsoft/testfx,6071,6200,0.32,
microsoft/testfx,5655,6162,0.1,
microsoft/testfx,5607,5990,0.12,
microsoft/testfx,5606,5607,0.08,
microsoft/testfx,5607,5682,0.15,
microsoft/testfx,6071,6215,0.25,
microsoft/testfx,5655,5682,0.08,
microsoft/testfx,5607,6021,0.12,
microsoft/testfx,5786,5804,0.35,
microsoft/testfx,5793,5795,0.12,
microsoft/testfx,5990,6055,0.75,
microsoft/testfx,5795,5944,0.18,
microsoft/testfx,6165,6239,0.3,
microsoft/testfx,5990,6071,0.18,
microsoft/testfx,5818,5990,0.45,
microsoft/testfx,5793,5815,0.45,
microsoft/testfx,5607,5708,0.1,
microsoft/testfx,6185,6190,0.15,
microsoft/testfx,6163,6203,0.1,
microsoft/testfx,5607,5793,0.1,
microsoft/testfx,5698,5941,0.1,
microsoft/testfx,6166,6215,0.3,
microsoft/testfx,6164,6185,0.1,
microsoft/testfx,5655,6215,0.15,
microsoft/testfx,5606,5666,0.05,
microsoft/testfx,5607,6185,0.08,
microsoft/testfx,6060,6071,0.2,
microsoft/testfx,6185,6196,0.1,
microsoft/testfx,5655,6202,0.25,
microsoft/testfx,5613,5655,0.05,
microsoft/testfx,5698,6060,0.3,
microsoft/testfx,6215,6239,0.15,
microsoft/testfx,5819,5944,0.2,
microsoft/testfx,5944,5990,0.35,
microsoft/testfx,5795,5941,0.15,
microsoft/testfx,5655,6033,0.03,
microsoft/testfx,5655,6071,0.03,
microsoft/testfx,6033,6071,0.03,
microsoft/testfx,5942,6123,0.08,
microsoft/testfx,5607,5691,0.05,
microsoft/testfx,5655,6060,0.7,
microsoft/testfx,6163,6239,0.08,
microsoft/testfx,6185,6200,0.2,
microsoft/testfx,5941,6060,0.5,
microsoft/testfx,5698,5706,0.25,
microsoft/testfx,5942,6033,0.08,
microsoft/testfx,5655,5935,0.07,
microsoft/testfx,5795,5797,0.18,
microsoft/testfx,5607,5818,0.06,
microsoft/testfx,5942,5990,0.05,
microsoft/testfx,6071,6203,0.12,
microsoft/testfx,5990,6058,0.25,
microsoft/testfx,5606,5650,0.05,
microsoft/testfx,6185,6239,0.06,
microsoft/testfx,5607,5795,0.06,
microsoft/testfx,5818,6035,0.25,
microsoft/testfx,5786,5792,0.35,
microsoft/testfx,6033,6058,0.08,
microsoft/testfx,6190,6200,0.25,
microsoft/testfx,6202,6215,0.4,
microsoft/testfx,6201,6239,0.1,
microsoft/testfx,5655,5990,0.08,
microsoft/testfx,6071,6201,0.08,
microsoft/testfx,5698,5990,0.1,
microsoft/testfx,5790,5795,0.2,
microsoft/testfx,5818,6033,0.05,
microsoft/testfx,6202,6239,0.1,
microsoft/testfx,5815,5818,0.05,
microsoft/testfx,6190,6201,0.05,
microsoft/testfx,6033,6060,0.15,
microsoft/testfx,6202,6203,0.05,
microsoft/testfx,5797,5815,0.05,
microsoft/testfx,5941,5942,0.05,
microsoft/testfx,5941,5944,0.15,
microsoft/testfx,5698,5944,0.05,
microsoft/testfx,5613,5633,0.15,
microsoft/typespec,7749,7920,0.05,
microsoft/typespec,7391,7619,0.2,
microsoft/typespec,7431,7439,0.05,
microsoft/typespec,7423,7619,0.3,
microsoft/typespec,7920,7922,0.15,
microsoft/typespec,7553,7801,0.05,
microsoft/typespec,7431,7729,0.1,
microsoft/typespec,7391,7927,0.05,
microsoft/typespec,7426,7612,0.1,
microsoft/typespec,7553,7612,0.2,
microsoft/typespec,7602,7661,0.15,
microsoft/typespec,7431,7662,0.2,
microsoft/typespec,7423,7801,0.05,
microsoft/typespec,7553,7942,0.1,
microsoft/typespec,7431,7744,0.1,
microsoft/typespec,7729,7735,0.15,
microsoft/typespec,7431,7783,0.35,
microsoft/typespec,7602,7779,0.25,
microsoft/typespec,7553,7611,0.3,
microsoft/typespec,7651,7927,0.05,
microsoft/typespec,7771,7922,0.1,
microsoft/typespec,7602,7749,0.15,
microsoft/typespec,7744,7779,0.2,
microsoft/typespec,7391,7493,0.05,
microsoft/typespec,7535,7783,0.1,
microsoft/typespec,7423,7749,0.1,
microsoft/typespec,7749,7918,0.05,
microsoft/typespec,7423,7651,0.05,
microsoft/typespec,7739,7749,0.05,
microsoft/typespec,7431,7760,0.05,
microsoft/typespec,7729,7739,0.35,
microsoft/typespec,7423,7798,0.1,
microsoft/typespec,7391,7431,0.05,
microsoft/typespec,7425,7426,0.2,
microsoft/typespec,7391,7922,0.03,
microsoft/typespec,7431,7612,0.05,
microsoft/typespec,7391,7481,0.03,
microsoft/typespec,7553,7749,0.1,
microsoft/typespec,7439,7458,0.05,
microsoft/typespec,7431,7619,0.2,
microsoft/typespec,7553,7644,0.2,
microsoft/typespec,7423,7439,0.05,
microsoft/typespec,7602,7729,0.1,
microsoft/typespec,7423,7644,0.3,
microsoft/typespec,7553,7664,0.05,
microsoft/typespec,7602,7662,0.05,
microsoft/typespec,7771,7798,0.1,
microsoft/typespec,7423,7458,0.25,
microsoft/typespec,7729,7744,0.45,
microsoft/typespec,7535,7744,0.08,
microsoft/typespec,7553,7918,0.3,
microsoft/typespec,7391,7783,0.12,
microsoft/typespec,7749,7755,0.15,
microsoft/typespec,7423,8008,0.3,
microsoft/typespec,7602,7612,0.12,
microsoft/typespec,7749,7760,0.12,
microsoft/typespec,7651,7666,0.08,
microsoft/typespec,7423,7779,0.4,
microsoft/typespec,7391,7801,0.12,
microsoft/typespec,7553,7729,0.1,
microsoft/typespec,7431,7611,0.08,
microsoft/typespec,7771,7783,0.08,
microsoft/typespec,7602,7783,0.1,
microsoft/typespec,7602,7611,0.08,
microsoft/typespec,7553,8029,0.12,
microsoft/typespec,7391,7423,0.08,
microsoft/typespec,7798,7918,0.3,
microsoft/typespec,7423,7431,0.1,
microsoft/typespec,7771,7779,0.35,
microsoft/typespec,7651,7967,0.05,
microsoft/typespec,7391,7739,0.1,
microsoft/typespec,7553,7667,0.15,
microsoft/typespec,7779,7783,0.85,
microsoft/typespec,7651,7771,0.2,
microsoft/typespec,7423,7426,0.35,
microsoft/typespec,7426,7535,0.15,
microsoft/typespec,7739,7760,0.05,
microsoft/typespec,7431,7535,0.2,
microsoft/typespec,7423,7729,0.6,
microsoft/typespec,7391,7667,0.1,
microsoft/typespec,7771,7927,0.1,
microsoft/typespec,7553,7735,0.05,
microsoft/typespec,7431,7602,0.2,
microsoft/typespec,7423,7755,0.6,
microsoft/typespec,7749,7783,0.1,
microsoft/typespec,7553,7755,0.1,
microsoft/typespec,7651,7735,0.1,
microsoft/typespec,7535,7661,0.1,
microsoft/typespec,7553,7798,0.25,
microsoft/typespec,7644,7662,0.35,
microsoft/typespec,7651,7760,0.1,
microsoft/typespec,7553,7744,0.05,
microsoft/typespec,7431,7735,0.2,
microsoft/typespec,7391,7644,0.35,
microsoft/typespec,7651,8029,0.08,
microsoft/typespec,7651,8008,0.05,
microsoft/typespec,7431,7667,0.25,
microsoft/typespec,7535,7729,0.25,
microsoft/typespec,7431,7493,0.75,
microsoft/typespec,7661,7662,0.42,
microsoft/typespec,7431,7458,0.22,
microsoft/typespec,7493,7602,0.18,
microsoft/typespec,7984,8008,0.65,
microsoft/typespec,7651,7922,0.16,
microsoft/typespec,7553,7783,0.28,
microsoft/typespec,7431,7661,0.36,
microsoft/typespec,7535,7779,0.14,
microsoft/typespec,7423,7493,0.16,
microsoft/typespec,7535,7801,0.15,
microsoft/typespec,7535,7666,0.05,
microsoft/typespec,7431,7942,0.05,
microsoft/typespec,7423,7553,0.1,
microsoft/typespec,7535,7755,0.05,
microsoft/typespec,7535,7611,0.05,
microsoft/typespec,7602,7771,0.1,
microsoft/typespec,7431,7922,0.05,
microsoft/typespec,7771,7967,0.1,
microsoft/typespec,7651,7729,0.05,
microsoft/typespec,7744,7760,0.05,
microsoft/typespec,7535,7771,0.65,
microsoft/typespec,7553,8008,0.05,
microsoft/typespec,7431,7918,0.3,
microsoft/typespec,7942,7984,0.2,
microsoft/typespec,7651,7744,0.05,
microsoft/typespec,7493,7535,0.15,
microsoft/typespec,7651,7662,0.05,
microsoft/typespec,7493,7644,0.6,
microsoft/typespec,7431,7664,0.05,
microsoft/typespec,7423,7984,0.75,
microsoft/typespec,7535,7749,0.15,
microsoft/typespec,7423,7927,0.05,
microsoft/typespec,7739,7755,0.15,
microsoft/typespec,7426,7602,0.05,
microsoft/typespec,7553,7739,0.05,
microsoft/typespec,7651,7667,0.05,
microsoft/typespec,7783,7798,0.05,
microsoft/typespec,7651,7664,0.05,
microsoft/typespec,7423,7771,0.1,
microsoft/typespec,7984,8029,0.05,
microsoft/typespec,7425,7458,0.08,
microsoft/typespec,7798,7942,0.02,
microsoft/typespec,7602,7644,0.08,
microsoft/typespec,7553,7619,0.05,
microsoft/typespec,7553,7967,0.02,
microsoft/typespec,7431,7927,0.02,
microsoft/typespec,7798,8008,0.02,
microsoft/typespec,7749,7942,0.02,
microsoft/typespec,7651,7779,0.03,
microsoft/typespec,7535,7651,0.02,
microsoft/typespec,7771,7918,0.2,
microsoft/typespec,7602,7666,0.05,
microsoft/typespec,7602,7744,0.05,
microsoft/typespec,7918,7984,0.95,
microsoft/typespec,7644,7664,0.75,
microsoft/typespec,7431,7798,0.05,
microsoft/typespec,7651,7739,0.05,
microsoft/typespec,7391,7458,0.1,
microsoft/typespec,7431,7644,0.55,
microsoft/typespec,7602,7664,0.05,
microsoft/typespec,7423,7783,0.95,
microsoft/typespec,7771,7801,0.05,
microsoft/typespec,7423,7735,0.05,
microsoft/typespec,7391,7426,0.1,
microsoft/typespec,7423,7662,0.05,
microsoft/typespec,7423,7922,0.05,
microsoft/typespec,7493,7612,0.05,
microsoft/typespec,7426,7619,0.7,
microsoft/typespec,7391,7744,0.1,
microsoft/typespec,7744,7749,0.05,
microsoft/typespec,7783,7801,0.05,
microsoft/typespec,7651,7783,0.05,
microsoft/typespec,7798,7984,0.05,
microsoft/typespec,7493,7553,0.75,
microsoft/typespec,7553,7920,0.05,
microsoft/typespec,7425,7439,0.05,
microsoft/typespec,7535,7664,0.05,
microsoft/typespec,7749,7801,0.05,
microsoft/typespec,7423,7425,0.4,
microsoft/typespec,7744,7771,0.05,
microsoft/typespec,7535,7667,0.08,
microsoft/typespec,7426,7481,0.12,
microsoft/typespec,7481,7493,0.05,
microsoft/typespec,7535,7644,0.25,
microsoft/typespec,7749,7984,0.12,
microsoft/typespec,7651,7798,0.2,
microsoft/typespec,7771,8029,0.05,
microsoft/typespec,7426,7458,0.55,
microsoft/typespec,7423,8029,0.05,
microsoft/typespec,7391,7942,0.05,
microsoft/typespec,7391,7760,0.08,
microsoft/typespec,7942,8008,0.25,
microsoft/typespec,7391,7651,0.07,
microsoft/typespec,7426,7611,0.08,
microsoft/typespec,7391,7425,0.05,
microsoft/typespec,7391,7439,0.12,
microsoft/typespec,7391,7664,0.06,
microsoft/typespec,7744,7783,0.3,
microsoft/typespec,7644,7651,0.25,
microsoft/typespec,7426,7431,0.08,
microsoft/typespec,7431,7801,0.05,
microsoft/vscode,252002,253012,0.75,
microsoft/vscode,252343,255364,0.05,
microsoft/vscode,251510,251933,0.05,
microsoft/vscode,252348,254811,0.05,
microsoft/vscode,253008,255321,0.1,
microsoft/vscode,250786,250978,0.05,
microsoft/vscode,253063,255187,0.05,
microsoft/vscode,251513,254650,0.05,
microsoft/vscode,251150,251157,0.35,
microsoft/vscode,250076,251156,0.08,
microsoft/vscode,251818,255095,0.05,
microsoft/vscode,253008,255176,0.4,
microsoft/vscode,249991,250864,0.1,
microsoft/vscode,250978,252344,0.05,
microsoft/vscode,253798,254873,0.08,
microsoft/vscode,251252,253959,0.15,
microsoft/vscode,252346,253063,0.05,
microsoft/vscode,255321,257283,0.05,
microsoft/vscode,251152,254409,0.05,
microsoft/vscode,250731,255318,0.15,
microsoft/vscode,251510,253010,0.1,
microsoft/vscode,251818,252166,0.05,
microsoft/vscode,252338,252448,0.1,
microsoft/vscode,250771,251069,0.1,
microsoft/vscode,251818,255102,0.05,
microsoft/vscode,250790,252342,0.15,
microsoft/vscode,251305,251760,0.1,
microsoft/vscode,251124,251149,0.45,
microsoft/vscode,253761,255114,0.05,
microsoft/vscode,252338,253012,0.05,
microsoft/vscode,251760,252305,0.05,
microsoft/vscode,250076,255191,0.05,
microsoft/vscode,251149,254222,0.05,
microsoft/vscode,250731,254676,0.05,
microsoft/vscode,251760,255187,0.05,
microsoft/vscode,251155,253385,0.05,
microsoft/vscode,250978,252924,0.05,
microsoft/vscode,252251,252343,0.05,
microsoft/vscode,253761,255703,0.05,
microsoft/vscode,252343,254614,0.08,
microsoft/vscode,251434,252338,0.1,
microsoft/vscode,251065,251295,0.08,
microsoft/vscode,252340,255176,0.2,
microsoft/vscode,251152,252186,0.08,
microsoft/vscode,251642,253798,0.15,
microsoft/vscode,250731,252186,0.2,
microsoft/vscode,252344,253063,0.15,
microsoft/vscode,252338,253018,0.08,
microsoft/vscode,253061,258172,0.08,
microsoft/vscode,252346,254224,0.15,
microsoft/vscode,252895,254870,0.1,
microsoft/vscode,251115,254504,0.25,
microsoft/vscode,251760,256267,0.1,
microsoft/vscode,251115,251933,0.3,
microsoft/vscode,251642,256612,0.1,
microsoft/vscode,251510,253061,0.1,
microsoft/vscode,250790,257754,0.05,
microsoft/vscode,251150,254833,0.12,
microsoft/vscode,254833,255163,0.08,
microsoft/vscode,251226,255991,0.05,
microsoft/vscode,253018,253385,0.2,
microsoft/vscode,251760,254873,0.05,
microsoft/vscode,252448,257576,0.05,
microsoft/vscode,251513,252895,0.05,
microsoft/vscode,251416,254135,0.05,
microsoft/vscode,250978,252343,0.05,
microsoft/vscode,251153,254409,0.08,
microsoft/vscode,258402,258447,0.05,
microsoft/vscode,250978,252342,0.05,
microsoft/vscode,250731,251157,0.08,
microsoft/vscode,252348,253969,0.12,
microsoft/vscode,251065,255163,0.25,
microsoft/vscode,253798,255187,0.18,
microsoft/vscode,252448,257299,0.4,
microsoft/vscode,250978,254650,0.07,
microsoft/vscode,250076,250864,0.05,
microsoft/vscode,253798,254676,0.05,
microsoft/vscode,252251,257283,0.45,
microsoft/vscode,251026,252347,0.12,
microsoft/vscode,252448,253008,0.35,
microsoft/vscode,251416,254811,0.05,
microsoft/vscode,251117,251138,0.08,
microsoft/vscode,251026,254811,0.05,
microsoft/vscode,250076,252683,0.2,
microsoft/vscode,250771,251153,0.05,
microsoft/vscode,251226,254650,0.08,
microsoft/vscode,252895,254650,0.05,
microsoft/vscode,251510,255991,0.08,
microsoft/vscode,252343,255415,0.05,
microsoft/vscode,251061,251226,0.05,
microsoft/vscode,251115,258447,0.05,
microsoft/vscode,252336,253989,0.03,
microsoft/vscode,251252,252342,0.05,
microsoft/vscode,250076,250978,0.05,
microsoft/vscode,250790,255125,0.05,
microsoft/vscode,252347,252448,0.05,
microsoft/vscode,251026,254676,0.03,
microsoft/vscode,251152,252116,0.05,
microsoft/vscode,253061,253063,0.45,
microsoft/vscode,251150,252332,0.12,
microsoft/vscode,251115,252186,0.16,
microsoft/vscode,249711,250131,0.08,
microsoft/vscode,252251,253018,0.05,
microsoft/vscode,250731,251578,0.04,
microsoft/vscode,251760,252340,0.09,
microsoft/vscode,251434,255176,0.06,
microsoft/vscode,249991,250790,0.08,
microsoft/vscode,251513,251930,0.11,
microsoft/vscode,250790,254614,0.13,
microsoft/vscode,250790,252116,0.03,
microsoft/vscode,250672,250790,0.02,
microsoft/vscode,251115,255513,0.05,
microsoft/vscode,251149,255991,0.05,
microsoft/vscode,252346,258171,0.03,
microsoft/vscode,252895,253266,0.04,
microsoft/vscode,252342,252924,0.04,
microsoft/vscode,255114,255543,0.08,
microsoft/vscode,252340,254631,0.03,
microsoft/vscode,253761,254631,0.02,
microsoft/vscode,251155,253008,0.08,
microsoft/vscode,251155,251511,0.08,
microsoft/vscode,251150,251155,0.45,
microsoft/vscode,251155,253040,0.08,
microsoft/vscode,251155,253537,0.08,
microsoft/vscode,254631,254811,0.08,
microsoft/vscode,251510,254409,0.12,
microsoft/vscode,250790,255187,0.1,
microsoft/vscode,252116,252305,0.08,
microsoft/vscode,251115,252895,0.08,
microsoft/vscode,251510,255114,0.15,
microsoft/vscode,251295,258447,0.05,
microsoft/vscode,251252,255191,0.1,
microsoft/vscode,251252,251578,0.08,
microsoft/vscode,251252,254650,0.12,
microsoft/vscode,251150,251152,0.5,
microsoft/vscode,250790,252347,0.2,
microsoft/vscode,253012,254223,0.08,
microsoft/vscode,253798,254833,0.08,
microsoft/vscode,251072,251138,0.35,
microsoft/vscode,253319,254413,0.15,
microsoft/vscode,251115,251443,0.1,
microsoft/vscode,249991,250888,0.18,
microsoft/vscode,251149,252924,0.08,
microsoft/vscode,252251,255356,0.05,
microsoft/vscode,255102,255114,0.12,
microsoft/vscode,251153,253537,0.12,
microsoft/vscode,255095,258402,0.08,
microsoft/vscode,251510,252016,0.08,
microsoft/vscode,251578,251589,0.15,
microsoft/vscode,253798,254409,0.05,
microsoft/vscode,250076,253969,0.05,
microsoft/vscode,257754,258424,0.03,
microsoft/vscode,250790,252345,0.05,
microsoft/vscode,251149,255125,0.05,
microsoft/vscode,253008,253959,0.05,
microsoft/vscode,250790,258171,0.05,
microsoft/vscode,249711,252332,0.05,
microsoft/vscode,251305,258171,0.05,
microsoft/vscode,252343,253385,0.05,
microsoft/vscode,251124,251152,0.25,
microsoft/vscode,253798,256267,0.05,
microsoft/vscode,251153,251252,0.05,
microsoft/vscode,252405,252486,0.1,
microsoft/vscode,252631,257578,0.05,
microsoft/vscode,251065,253061,0.05,
microsoft/vscode,250076,250083,0.05,
microsoft/vscode,251434,258424,0.05,
microsoft/vscode,251434,252344,0.1,
microsoft/vscode,254135,254224,0.05,
microsoft/vscode,251065,251154,0.05,
microsoft/vscode,250978,255114,0.05,
microsoft/vscode,251026,253761,0.2,
microsoft/vscode,250207,251015,0.05,
microsoft/vscode,251642,252346,0.05,
microsoft/vscode,251155,254870,0.05,
microsoft/vscode,251818,252344,0.02,
microsoft/vscode,251065,253084,0.05,
microsoft/vscode,255095,255173,0.05,
microsoft/vscode,254504,254870,0.15,
microsoft/vscode,251115,256267,0.08,
microsoft/vscode,253761,254222,0.05,
microsoft/vscode,252348,254873,0.05,
microsoft/vscode,250207,251069,0.05,
microsoft/vscode,250076,251154,0.05,
microsoft/vscode,252342,253084,0.05,
microsoft/vscode,251416,252334,0.06,
microsoft/vscode,252251,253385,0.05,
microsoft/vscode,252251,252683,0.05,
microsoft/vscode,251153,252186,0.05,
microsoft/vscode,251115,253008,0.2,
microsoft/vscode,252251,255321,0.05,
microsoft/vscode,253008,254676,0.1,
microsoft/vscode,251150,253798,0.05,
microsoft/vscode,251150,251760,0.05,
microsoft/vscode,251115,252589,0.02,
microsoft/vscode,251642,252002,0.2,
microsoft/vscode,252631,252924,0.05,
microsoft/vscode,250076,252631,0.05,
microsoft/vscode,251061,251064,0.45,
microsoft/vscode,251252,258402,0.08,
microsoft/vscode-cosmosdb,2696,2698,0.12,
mlco2/codecarbon,883,905,0.25,
mlco2/codecarbon,883,892,0.75,
mlco2/codecarbon,883,884,0.07,
mvdicarlo/postybirb,363,375,0.2,
mvdicarlo/postybirb,363,365,0.15,
mvdicarlo/postybirb,363,369,0.15,
mvdicarlo/postybirb,369,375,0.1,
mvdicarlo/postybirb,380,385,0.4,
nanvix/nanvix,706,707,0.2,
near/nearcore,13277,13318,0.75,
near/nearcore,13278,13281,0.8,
near/nearcore,13273,13283,0.7,
near/nearcore,13271,13284,0.72,
near/nearcore,13269,13281,0.78,
near/nearcore,13278,13280,0.75,
near/nearcore,13281,13306,0.68,
near/nearcore,13270,13283,0.72,
near/nearcore,13265,13278,0.78,
near/nearcore,13275,13282,0.88,
near/nearcore,13270,13281,0.88,
near/nearcore,13272,13280,0.88,
near/nearcore,13272,13279,0.88,
near/nearcore,13278,13279,0.88,
near/nearcore,13271,13283,0.88,
near/nearcore,13165,13166,0.95,
near/nearcore,13269,13276,0.88,
near/nearcore,13269,13308,0.88,
near/nearcore,13273,13279,0.88,
near/nearcore,13132,13134,0.4,
near/nearcore,13281,13283,0.9,
near/nearcore,13269,13273,0.85,
near/nearcore,13334,13339,0.25,
near/nearcore,13271,13278,0.85,
near/nearcore,13279,13282,0.85,
near/nearcore,13277,13306,0.85,
near/nearcore,13269,13272,0.9,
near/nearcore,13274,13276,0.85,
near/nearcore,13280,13283,0.88,
near/nearcore,13277,13308,0.75,
near/nearcore,13265,13266,0.8,
near/nearcore,13273,13280,0.65,
near/nearcore,13270,13277,0.68,
near/nearcore,13266,13283,0.7,
near/nearcore,13277,13321,0.68,
near/nearcore,13268,13279,0.72,
near/nearcore,13268,13281,0.65,
near/nearcore,13265,13269,0.78,
near/nearcore,13265,13268,0.68,
near/nearcore,13272,13274,0.95,
near/nearcore,13134,13135,0.9,
near/nearcore,13267,13282,0.95,
near/nearcore,13268,13283,0.95,
near/nearcore,13271,13282,0.95,
near/nearcore,13266,13282,0.95,
near/nearcore,13272,13278,0.95,
near/nearcore,13276,13277,0.95,
near/nearcore,13272,13276,0.95,
near/nearcore,13265,13272,0.95,
near/nearcore,13270,13280,0.82,
near/nearcore,13271,13275,0.8,
near/nearcore,13277,13307,0.81,
near/nearcore,13266,13284,0.8,
near/nearcore,13271,13280,0.87,
near/nearcore,13308,13321,0.91,
near/nearcore,13277,13281,0.81,
near/nearcore,13266,13268,0.8,
near/nearcore,13270,13279,0.89,
near/nearcore,13272,13275,0.81,
near/nearcore,13270,13273,0.75,
near/nearcore,13278,13284,0.75,
near/nearcore,13273,13276,0.75,
near/nearcore,13265,13270,0.75,
near/nearcore,13266,13279,0.75,
near/nearcore,13277,13280,0.75,
near/nearcore,13128,13132,0.85,
near/nearcore,13276,13278,0.75,
near/nearcore,13269,13275,0.75,
near/nearcore,13271,13279,0.75,
near/nearcore,13269,13274,0.85,
near/nearcore,13274,13275,0.85,
near/nearcore,13269,13270,0.85,
near/nearcore,13272,13281,0.85,
near/nearcore,13283,13306,0.85,
near/nearcore,13265,13273,0.85,
near/nearcore,13265,13267,0.85,
near/nearcore,13128,13129,0.95,
near/nearcore,13267,13278,0.85,
near/nearcore,13267,13270,0.85,
near/nearcore,13268,13271,0.85,
near/nearcore,13274,13280,0.85,
near/nearcore,13268,13275,0.85,
near/nearcore,13273,13274,0.85,
near/nearcore,13281,13308,0.85,
near/nearcore,13269,13279,0.88,
near/nearcore,13266,13269,0.88,
near/nearcore,13306,13307,0.85,
near/nearcore,13269,13282,0.85,
near/nearcore,13271,13274,0.85,
near/nearcore,13268,13284,0.95,
near/nearcore,13267,13277,0.94,
near/nearcore,13268,13274,0.95,
near/nearcore,13278,13282,0.94,
near/nearcore,13277,13282,0.94,
near/nearcore,13266,13280,0.93,
near/nearcore,13273,13277,0.93,
near/nearcore,13273,13284,0.97,
near/nearcore,13279,13281,0.93,
near/nearcore,13281,13307,0.93,
near/nearcore,13270,13282,0.9,
near/nearcore,13266,13273,0.9,
near/nearcore,13266,13267,0.9,
near/nearcore,13265,13271,0.9,
near/nearcore,13267,13274,0.9,
near/nearcore,13282,13307,0.9,
near/nearcore,13267,13269,0.9,
near/nearcore,13272,13282,0.9,
near/nearcore,13271,13273,0.9,
near/nearcore,13276,13282,0.9,
near/nearcore,13318,13321,0.75,
near/nearcore,13267,13281,0.75,
near/nearcore,13265,13284,0.75,
near/nearcore,13270,13275,0.75,
near/nearcore,13274,13282,0.75,
near/nearcore,13126,13129,0.9,
near/nearcore,13267,13275,0.75,
near/nearcore,13273,13282,0.75,
near/nearcore,13307,13308,0.8,
near/nearcore,13268,13273,0.75,
near/nearcore,13282,13283,0.9,
near/nearcore,13174,13197,0.15,
near/nearcore,13282,13284,0.9,
near/nearcore,13271,13276,0.85,
near/nearcore,13308,13318,0.9,
near/nearcore,13306,13321,0.85,
near/nearcore,13274,13279,0.85,
near/nearcore,13269,13307,0.85,
near/nearcore,13269,13283,0.9,
near/nearcore,13273,13278,0.85,
near/nearcore,13268,13278,0.85,
near/nearcore,13271,13281,0.8,
near/nearcore,13306,13318,0.8,
near/nearcore,13275,13279,0.75,
near/nearcore,13126,13127,0.95,
near/nearcore,13269,13278,0.85,
near/nearcore,13270,13278,0.85,
near/nearcore,13267,13276,0.8,
near/nearcore,13266,13274,0.8,
near/nearcore,13265,13274,0.8,
near/nearcore,13272,13277,0.92,
near/nearcore,13333,13334,0.25,
near/nearcore,13274,13281,0.92,
near/nearcore,13266,13270,0.92,
near/nearcore,13276,13281,0.95,
near/nearcore,13265,13277,0.95,
near/nearcore,13275,13278,0.92,
near/nearcore,13279,13280,0.92,
near/nearcore,13269,13284,0.95,
near/nearcore,13333,13339,0.12,
near/nearcore,13132,13135,0.45,
near/nearcore,13266,13276,0.85,
near/nearcore,13271,13277,0.85,
near/nearcore,13269,13280,0.85,
near/nearcore,13283,13308,0.85,
near/nearcore,13276,13283,0.87,
near/nearcore,13269,13306,0.85,
near/nearcore,13281,13284,0.85,
near/nearcore,13278,13283,0.85,
near/nearcore,13266,13278,0.85,
near/nearcore,13280,13284,0.8,
near/nearcore,13174,13213,0.18,
near/nearcore,13267,13280,0.8,
near/nearcore,13277,13278,0.8,
near/nearcore,13267,13272,0.8,
near/nearcore,13265,13275,0.8,
near/nearcore,13273,13275,0.85,
near/nearcore,13126,13128,0.75,
near/nearcore,13268,13280,0.8,
near/nearcore,13270,13284,0.78,
near/nearcore,13267,13273,0.8,
near/nearcore,13267,13279,0.75,
near/nearcore,13265,13281,0.7,
near/nearcore,13283,13284,0.75,
near/nearcore,13267,13268,0.7,
near/nearcore,13270,13272,0.7,
near/nearcore,13266,13281,0.65,
near/nearcore,13270,13274,0.7,
near/nearcore,13281,13282,0.7,
near/nearcore,13279,13283,0.75,
near/nearcore,13276,13280,0.8,
near/nearcore,13266,13272,0.75,
near/nearcore,13266,13271,0.75,
near/nearcore,13276,13279,0.95,
near/nearcore,13280,13282,0.75,
near/nearcore,13268,13282,0.75,
near/nearcore,13269,13271,0.75,
near/nearcore,13272,13284,0.75,
near/nearcore,13275,13280,0.75,
near/nearcore,13267,13284,0.85,
near/nearcore,13282,13306,0.88,
near/nearcore,13270,13271,0.88,
near/nearcore,13267,13283,0.88,
near/nearcore,13275,13281,0.9,
near/nearcore,13276,13284,0.85,
near/nearcore,13280,13281,0.85,
near/nearcore,13267,13271,0.88,
near/nearcore,13277,13283,0.88,
near/nearcore,13274,13278,0.85,
near/nearcore,13269,13277,0.85,
near/nearcore,13318,13333,0.2,
netket/netket,2048,2052,0.2,
netket/netket,2049,2050,0.05,
netket/netket,2046,2050,0.05,
netket/netket,2052,2054,0.15,
netket/netket,2046,2049,0.05,
netket/netket,2060,2064,0.1,
netket/netket,2046,2054,0.05,
netket/netket,2046,2048,0.05,
netket/netket,2046,2052,0.1,
netket/netket,2048,2054,0.05,
netket/netket,2048,2049,0.2,
netket/netket,2046,2047,0.05,
netket/netket,2048,2050,0.03,
netket/netket,2052,2060,0.05,
nextcloud/desktop,8395,8412,0.4,
nextcloud/desktop,8395,8411,0.45,
nextcloud/desktop,8395,8409,0.5,
nextcloud/desktop,8407,8418,0.1,
nextcloud/desktop,8395,8408,0.25,
nextcloud/desktop,8407,8428,0.15,
nextcloud/desktop,8407,8412,0.12,
nextcloud/desktop,8395,8407,0.12,
nextcloud/desktop,8407,8411,0.12,
nextcloud/desktop,8395,8418,0.12,
nextcloud/desktop,8407,8408,0.12,
nextcloud/desktop,8395,8406,0.35,
nextcloud/desktop,8407,8409,0.12,
nextcloud/desktop,8395,8428,0.12,
nrwl/nx,31609,31621,0.4,
nrwl/nx,31590,31609,0.15,
nrwl/nx,31608,31609,0.05,
nrwl/nx,31593,31609,0.15,
nrwl/nx,31590,31592,0.3,
nrwl/nx,31591,32088,0.08,
nrwl/nx,31591,31609,0.3,
nrwl/nx,31608,31621,0.2,
nrwl/nx,31592,31608,0.05,
nrwl/nx,31590,31608,0.05,
nrwl/nx,31591,31621,0.12,
nrwl/nx,31591,31593,0.12,
nrwl/nx,31591,31592,0.5,
nrwl/nx,31592,31593,0.1,
nrwl/nx,31592,31621,0.05,
nrwl/nx,31593,31608,0.05,
nrwl/nx,31591,31608,0.05,
nrwl/nx,31593,31621,0.2,
nrwl/nx,31590,31593,0.5,
nrwl/nx,31590,31591,0.25,
nrwl/nx,31590,31621,0.15,
nrwl/nx,31592,31609,0.65,
nrwl/nx-console,2579,2594,0.08,
nrwl/nx-console,2538,2563,0.45,
nrwl/nx-console,2579,2586,0.4,
nrwl/nx-console,2579,2597,0.3,
nrwl/nx-console,2594,2597,0.05,
nunit/nunit3-vs-adapter,1275,1276,0.12,
nunit/nunit3-vs-adapter,1274,1276,0.1,
nunit/nunit3-vs-adapter,1274,1275,0.1,
o1-labs/openmina,1257,1258,0.35,
o1-labs/openmina,1256,1258,0.15,
o1-labs/openmina,1256,1257,0.3,
onflow/flow-go,7551,7601,0.12,
onflow/flow-go,7551,7563,0.35,
onflow/flow-go,7551,7598,0.18,
onflow/flow-go,7634,7635,0.18,
onflow/flow-go,7555,7634,0.28,
onflow/flow-go,7555,7635,0.4,
onflow/flow-go,7555,7584,0.12,
onflow/flow-go,7555,7567,0.2,
onflow/flow-go,7555,7563,0.15,
onflow/flow-go,7551,7584,0.05,
onflow/flow-go,7555,7631,0.2,
onflow/flow-go,7555,7598,0.05,
onflow/flow-go,7567,7584,0.1,
onflow/flow-go,7631,7635,0.4,
onflow/flow-go,7555,7601,0.1,
onflow/flow-go,7551,7567,0.25,
onflow/flow-go,7551,7555,0.85,
onflow/flow-go,7631,7634,0.65,
onflow/flow-go,7551,7631,0.1,
onyx-dot-app/onyx,3825,3849,0.05,
onyx-dot-app/onyx,3817,3819,0.1,
onyx-dot-app/onyx,3711,3819,0.05,
onyx-dot-app/onyx,3816,3849,0.08,
onyx-dot-app/onyx,3711,3825,0.18,
onyx-dot-app/onyx,3817,3818,0.18,
onyx-dot-app/onyx,3816,3817,0.05,
onyx-dot-app/onyx,3711,3793,0.05,
onyx-dot-app/onyx,3711,3818,0.05,
onyx-dot-app/onyx,3825,3831,0.12,
onyx-dot-app/onyx,3816,3825,0.28,
onyx-dot-app/onyx,3924,3925,0.92,
onyx-dot-app/onyx,3816,3925,0.08,
onyx-dot-app/onyx,3816,3831,0.07,
onyx-dot-app/onyx,3816,3924,0.22,
onyx-dot-app/onyx,3727,3817,0.07,
onyx-dot-app/onyx,3793,3818,0.28,
onyx-dot-app/onyx,3727,3816,0.05,
onyx-dot-app/onyx,3727,3819,0.16,
onyx-dot-app/onyx,3816,3818,0.05,
onyx-dot-app/onyx,3849,3924,0.03,
onyx-dot-app/onyx,3793,3825,0.08,
onyx-dot-app/onyx,3711,3727,0.02,
onyx-dot-app/onyx,3727,3818,0.02,
onyx-dot-app/onyx,3793,3816,0.45,
onyx-dot-app/onyx,3727,3825,0.02,
onyx-dot-app/onyx,3711,3816,0.1,
onyx-dot-app/onyx,3793,3819,0.5,
onyx-dot-app/onyx,3818,3819,0.03,
onyx-dot-app/onyx,3816,3819,0.7,
onyx-dot-app/onyx,3793,3817,0.08,
onyx-dot-app/onyx,3711,3817,0.05,
onyx-dot-app/onyx,3849,3925,0.25,
onyx-dot-app/onyx,3727,3793,0.03,
onyx-dot-app/onyx,3710,3711,0.02,
open-telemetry/opentelemetry-cpp,3513,3514,0.55,
openai/openai-realtime-agents,58,65,0.45,
openai/openai-realtime-agents,56,58,0.75,
openai/openai-realtime-agents,56,65,0.25,
openai/openai-realtime-agents,56,70,0.25,
openai/openai-realtime-agents,58,70,0.25,
openfga/openfga,2563,2565,0.95,
openops-cloud/openops,671,674,0.08,
openops-cloud/openops,680,701,0.8,
openops-cloud/openops,684,703,0.65,
openops-cloud/openops,680,700,0.05,
openops-cloud/openops,668,669,0.25,
openops-cloud/openops,700,703,0.15,
openops-cloud/openops,701,711,0.03,
openops-cloud/openops,671,700,0.05,
openops-cloud/openops,670,674,0.2,
openops-cloud/openops,919,960,0.08,
openops-cloud/openops,684,711,0.05,
openops-cloud/openops,680,703,0.85,
openops-cloud/openops,680,684,0.4,
openops-cloud/openops,670,671,0.15,
openops-cloud/openops,674,680,0.05,
openops-cloud/openops,671,711,0.1,
openops-cloud/openops,669,670,0.2,
openops-cloud/openops,671,684,0.05,
openops-cloud/openops,680,711,0.05,
openops-cloud/openops,700,701,0.05,
openops-cloud/openops,666,669,0.1,
openops-cloud/openops,671,680,0.05,
openops-cloud/openops,666,671,0.05,
openops-cloud/openops,671,703,0.4,
openops-cloud/openops,668,670,0.1,
openops-cloud/openops,684,700,0.05,
openops-cloud/openops,684,701,0.05,
openops-cloud/openops,671,701,0.05,
openops-cloud/openops,669,674,0.1,
openops-cloud/openops,669,671,0.05,
openops-cloud/openops,703,711,0.2,
openops-cloud/openops,701,703,0.85,
openops-cloud/openops,666,670,0.05,
openops-cloud/openops,666,668,0.1,
operaton/operaton,912,913,0.2,
operaton/operaton,904,912,0.25,
operaton/operaton,904,911,0.3,
operaton/operaton,911,912,0.45,
operaton/operaton,903,904,0.3,
operaton/operaton,911,913,0.4,
operaton/operaton,904,913,0.3,
oraios/serena,168,171,0.7,
oraios/serena,171,286,0.55,
oraios/serena,168,264,0.35,
oraios/serena,264,286,0.25,
oraios/serena,168,169,0.65,
oraios/serena,171,264,0.3,
oraios/serena,169,286,0.45,
oraios/serena,169,171,0.7,
oraios/serena,167,168,0.35,
oraios/serena,169,264,0.12,
orangewise/s3-zip,103,105,0.05,
orangewise/s3-zip,102,105,0.05,
orangewise/s3-zip,102,103,0.65,
owid/owid-grapher,5053,5078,0.18,
phel-lang/phel-lang,818,820,0.6,
phel-lang/phel-lang,835,838,0.12,
phel-lang/phel-lang,818,819,0.2,
phel-lang/phel-lang,813,814,0.15,
plexguide/Huntarr.io,486,487,0.1,
plexguide/Huntarr.io,473,474,0.08,
plexguide/Huntarr.io,471,474,0.05,
plexguide/Huntarr.io,479,480,0.12,
plexguide/Huntarr.io,471,473,0.05,
plexguide/Huntarr.io,480,487,0.05,
plexguide/Huntarr.io,480,486,0.65,
pnp/cli-microsoft365,6811,6813,0.3,
pseudosavant/player.html,28,29,0.95,
quarylabs/sqruff,1611,1643,0.75,
quarylabs/sqruff,1646,1671,0.5,
quarylabs/sqruff,1643,1706,0.05,
quarylabs/sqruff,1646,1706,0.1,
quarylabs/sqruff,1821,1824,0.4,
quarylabs/sqruff,1646,1664,0.15,
quarylabs/sqruff,1643,1646,0.05,
quarylabs/sqruff,1810,1824,0.3,
quarylabs/sqruff,1810,1821,0.15,
quarylabs/sqruff,1664,1671,0.1,
quarylabs/sqruff,1810,1822,0.15,
quarylabs/sqruff,1643,1664,0.05,
quarylabs/sqruff,1611,1628,0.05,
quarylabs/sqruff,1643,1671,0.05,
quarylabs/sqruff,1821,1822,0.2,
raycast/extensions,19251,19305,0.15,
raycast/extensions,19251,19280,0.3,
recallnet/js-recall,658,799,0.25,
reeze/php-leveldb,52,54,0.85,
reflex-dev/reflex-web,1492,1500,0.05,
reflex-dev/reflex-web,1317,1327,0.15,
reflex-dev/reflex-web,1514,1524,0.03,
reflex-dev/reflex-web,1480,1512,0.5,
reflex-dev/reflex-web,1446,1452,0.02,
reflex-dev/reflex-web,1313,1321,0.08,
reflex-dev/reflex-web,1453,1505,0.12,
reflex-dev/reflex-web,1315,1319,0.05,
reflex-dev/reflex-web,1529,1550,0.22,
reflex-dev/reflex-web,1313,1315,0.05,
reflex-dev/reflex-web,1480,1482,0.08,
reflex-dev/reflex-web,1491,1500,0.08,
reflex-dev/reflex-web,1453,1491,0.3,
reflex-dev/reflex-web,1453,1474,0.2,
reflex-dev/reflex-web,1491,1492,0.08,
reflex-dev/reflex-web,1315,1318,0.08,
reflex-dev/reflex-web,1490,1502,0.12,
reflex-dev/reflex-web,1480,1502,0.22,
reflex-dev/reflex-web,1315,1317,0.08,
reflex-dev/reflex-web,1486,1490,0.05,
reflex-dev/reflex-web,1492,1493,0.15,
reflex-dev/reflex-web,1327,1328,0.25,
reflex-dev/reflex-web,1328,1330,0.2,
reflex-dev/reflex-web,1495,1512,0.65,
reflex-dev/reflex-web,1318,1323,0.15,
reflex-dev/reflex-web,1302,1331,0.4,
reflex-dev/reflex-web,1470,1473,0.2,
reflex-dev/reflex-web,1331,1334,0.15,
reflex-dev/reflex-web,1539,1545,0.5,
reflex-dev/reflex-web,1453,1484,0.35,
reflex-dev/reflex-web,1453,1486,0.45,
reflex-dev/reflex-web,1300,1304,0.12,
reflex-dev/reflex-web,1300,1302,0.15,
reflex-dev/reflex-web,1499,1500,0.1,
reflex-dev/reflex-web,1305,1310,0.32,
reflex-dev/reflex-web,1490,1505,0.2,
reflex-dev/reflex-web,1321,1329,0.15,
reflex-dev/reflex-web,1484,1485,0.1,
reflex-dev/reflex-web,1318,1319,0.28,
reflex-dev/reflex-web,1321,1331,0.15,
reflex-dev/reflex-web,1300,1305,0.15,
reflex-dev/reflex-web,1305,1307,0.05,
reflex-dev/reflex-web,1316,1318,0.1,
reflex-dev/reflex-web,1302,1325,0.1,
reflex-dev/reflex-web,1493,1510,0.15,
reflex-dev/reflex-web,1447,1454,0.95,
reflex-dev/reflex-web,1493,1505,0.1,
reflex-dev/reflex-web,1300,1306,0.05,
reflex-dev/reflex-web,1313,1317,0.12,
reflex-dev/reflex-web,1317,1331,0.08,
reflex-dev/reflex-web,1302,1303,0.25,
reflex-dev/reflex-web,1490,1492,0.25,
reflex-dev/reflex-web,1319,1320,0.1,
reflex-dev/reflex-web,1301,1304,0.15,
reflex-dev/reflex-web,1302,1330,0.2,
reflex-dev/reflex-web,1446,1453,0.5,
reflex-dev/reflex-web,1322,1330,0.2,
reflex-dev/reflex-web,1480,1486,0.2,
reflex-dev/reflex-web,1480,1509,0.1,
reflex-dev/reflex-web,1305,1306,0.15,
reflex-dev/reflex-web,1529,1539,0.12,
reflex-dev/reflex-web,1480,1513,0.12,
reflex-dev/reflex-web,1453,1494,0.3,
reflex-dev/reflex-web,1495,1510,0.1,
reflex-dev/reflex-web,1317,1320,0.35,
reflex-dev/reflex-web,1327,1331,0.2,
reflex-dev/reflex-web,1453,1500,0.15,
reflex-dev/reflex-web,1314,1319,0.25,
reflex-dev/reflex-web,1316,1317,0.25,
reflex-dev/reflex-web,1489,1495,0.1,
reflex-dev/reflex-web,1512,1513,0.85,
reflex-dev/reflex-web,1316,1323,0.05,
reflex-dev/reflex-web,1489,1490,0.05,
reflex-dev/reflex-web,1480,1491,0.1,
reflex-dev/reflex-web,1453,1490,0.75,
reflex-dev/reflex-web,1302,1318,0.05,
reflex-dev/reflex-web,1302,1304,0.02,
reflex-dev/reflex-web,1331,1339,0.05,
reflex-dev/reflex-web,1492,1494,0.1,
reflex-dev/reflex-web,1485,1486,0.2,
reflex-dev/reflex-web,1512,1514,0.75,
reflex-dev/reflex-web,1493,1500,0.1,
reflex-dev/reflex-web,1479,1483,0.05,
reflex-dev/reflex-web,1313,1319,0.05,
reflex-dev/reflex-web,1322,1329,0.05,
reflex-dev/reflex-web,1491,1499,0.05,
reflex-dev/reflex-web,1316,1321,0.05,
reflex-dev/reflex-web,1493,1513,0.45,
reflex-dev/reflex-web,1316,1322,0.05,
reflex-dev/reflex-web,1315,1322,0.05,
reflex-dev/reflex-web,1465,1482,0.05,
reflex-dev/reflex-web,1300,1307,0.05,
reflex-dev/reflex-web,1453,1483,0.1,
reflex-dev/reflex-web,1543,1545,0.05,
reflex-dev/reflex-web,1465,1479,0.1,
reflex-dev/reflex-web,1314,1316,0.1,
reflex-dev/reflex-web,1493,1499,0.15,
reflex-dev/reflex-web,1453,1454,0.5,
reflex-dev/reflex-web,1318,1322,0.05,
reflex-dev/reflex-web,1508,1509,0.35,
reflex-dev/reflex-web,1489,1501,0.05,
reflex-dev/reflex-web,1465,1478,0.1,
reflex-dev/reflex-web,1453,1482,0.15,
reflex-dev/reflex-web,1489,1500,0.05,
reflex-dev/reflex-web,1301,1307,0.05,
reflex-dev/reflex-web,1481,1483,0.1,
reflex-dev/reflex-web,1489,1492,0.05,
reflex-dev/reflex-web,1453,1502,0.22,
reflex-dev/reflex-web,1481,1482,0.1,
reflex-dev/reflex-web,1322,1328,0.2,
reflex-dev/reflex-web,1316,1319,0.37,
reflex-dev/reflex-web,1513,1515,0.25,
reflex-dev/reflex-web,1302,1305,0.65,
reflex-dev/reflex-web,1317,1323,0.15,
reflex-dev/reflex-web,1489,1502,0.23,
reflex-dev/reflex-web,1549,1550,0.37,
reflex-dev/reflex-web,1493,1508,0.45,
reflex-dev/reflex-web,1453,1470,0.12,
reflex-dev/reflex-web,1302,1306,0.1,
reflex-dev/reflex-web,1453,1473,0.32,
reflex-dev/reflex-web,1328,1329,0.1,
reflex-dev/reflex-web,1313,1326,0.05,
reflex-dev/reflex-web,1539,1550,0.15,
reflex-dev/reflex-web,1491,1493,0.7,
reflex-dev/reflex-web,1314,1326,0.05,
reflex-dev/reflex-web,1326,1328,0.1,
reflex-dev/reflex-web,1322,1327,0.3,
reflex-dev/reflex-web,1320,1323,0.08,
reflex-dev/reflex-web,1447,1453,0.25,
reflex-dev/reflex-web,1479,1482,0.03,
reflex-dev/reflex-web,1325,1329,0.2,
reflex-dev/reflex-web,1321,1326,0.1,
reflex-dev/reflex-web,1529,1542,0.05,
reflex-dev/reflex-web,1313,1327,0.15,
reflex-dev/reflex-web,1329,1331,0.25,
reflex-dev/reflex-web,1513,1518,0.2,
reflex-dev/reflex-web,1453,1481,0.2,
reflex-dev/reflex-web,1302,1329,0.15,
reflex-dev/reflex-web,1495,1505,0.45,
reflex-dev/reflex-web,1326,1327,0.2,
reflex-dev/reflex-web,1313,1330,0.15,
reflex-dev/reflex-web,1480,1501,0.1,
reflex-dev/reflex-web,1453,1499,0.2,
reflex-dev/reflex-web,1325,1328,0.1,
reflex-dev/reflex-web,1300,1310,0.15,
reflex-dev/reflex-web,1531,1533,0.05,
reflex-dev/reflex-web,1301,1310,0.18,
reflex-dev/reflex-web,1495,1500,0.08,
reflex-dev/reflex-web,1313,1323,0.12,
reflex-dev/reflex-web,1320,1321,0.12,
reflex-dev/reflex-web,1480,1489,0.05,
reflex-dev/reflex-web,1445,1446,0.1,
reflex-dev/reflex-web,1514,1518,0.05,
reflex-dev/reflex-web,1529,1549,0.1,
reflex-dev/reflex-web,1480,1508,0.25,
reflex-dev/reflex-web,1495,1513,0.15,
reflex-dev/reflex-web,1314,1325,0.03,
reflex-dev/reflex-web,1314,1315,0.03,
reflex-dev/reflex-web,1489,1505,0.05,
reflex-dev/reflex-web,1331,1343,0.1,
reflex-dev/reflex-web,1499,1501,0.05,
reflex-dev/reflex-web,1316,1320,0.08,
reflex-dev/reflex-web,1313,1329,0.05,
reflex-dev/reflex-web,1529,1541,0.05,
reflex-dev/reflex-web,1480,1490,0.15,
reflex-dev/reflex-web,1465,1474,0.05,
reflex-dev/reflex-web,1302,1308,0.03,
reflex-dev/reflex-web,1495,1499,0.08,
reflex-dev/reflex-web,1302,1317,0.08,
reflex-dev/reflex-web,1505,1508,0.05,
reflex-dev/reflex-web,1508,1513,0.4,
reflex-dev/reflex-web,1300,1308,0.05,
reflex-dev/reflex-web,1480,1493,0.3,
reflex-dev/reflex-web,1465,1470,0.1,
reflex-dev/reflex-web,1313,1331,0.1,
reflex-dev/reflex-web,1453,1467,0.2,
reflex-dev/reflex-web,1524,1533,0.05,
reflex-dev/reflex-web,1314,1329,0.1,
reflex-dev/reflex-web,1491,1502,0.15,
reflex-dev/reflex-web,1480,1499,0.05,
reflex-dev/reflex-web,1453,1495,0.35,
reflex-dev/reflex-web,1513,1514,0.05,
reflex-dev/reflex-web,1302,1310,0.1,
reflex-dev/reflex-web,1453,1493,0.2,
reflex-dev/reflex-web,1486,1489,0.05,
reflex-dev/reflex-web,1545,1549,0.25,
reflex-dev/reflex-web,1489,1493,0.2,
reflex-dev/reflex-web,1302,1315,0.1,
reflex-dev/reflex-web,1479,1481,0.1,
reflex-dev/reflex-web,1314,1328,0.2,
reflex-dev/reflex-web,1319,1322,0.98,
reflex-dev/reflex-web,1322,1325,0.08,
reflex-dev/reflex-web,1330,1334,0.1,
reflex-dev/reflex-web,1490,1495,0.35,
reflex-dev/reflex-web,1493,1494,0.25,
reflex-dev/reflex-web,1529,1545,0.08,
reflex-dev/reflex-web,1303,1306,0.08,
reflex-dev/reflex-web,1490,1499,0.3,
reflex-dev/reflex-web,1314,1321,0.12,
reflex-dev/reflex-web,1465,1483,0.1,
reown-com/appkit-react-native,351,379,0.35,
reown-com/appkit-react-native,351,363,0.08,
reown-com/appkit-react-native,351,361,0.08,
reservoirprotocol/marketplace-v2,551,552,0.78,
retrage/svc-hook,29,33,0.68,
retrage/svc-hook,32,33,0.58,
retrage/svc-hook,29,32,0.65,
retrage/svc-hook,22,23,0.1,
robinp7720/Oblecto,127,128,0.15,
robinp7720/Oblecto,125,126,0.08,
rockbite/localforge,26,27,0.65,
root-gg/plik,533,534,0.2,
root-gg/plik,532,534,0.25,
root-gg/plik,532,533,0.2,
sblom/RegExtract,25,27,0.45,
seasonedcc/remix-forms,351,353,0.6,
seasonedcc/remix-forms,348,353,0.15,
seasonedcc/remix-forms,373,376,0.9,
seasonedcc/remix-forms,368,369,0.75,
seasonedcc/remix-forms,373,374,0.1,
seasonedcc/remix-forms,309,310,0.15,
seasonedcc/remix-forms,358,361,0.48,
seasonedcc/remix-forms,373,377,0.88,
seasonedcc/remix-forms,369,370,0.78,
seasonedcc/remix-forms,348,352,0.08,
seasonedcc/remix-forms,344,347,0.25,
seasonedcc/remix-forms,368,371,0.15,
seasonedcc/remix-forms,344,345,0.7,
seasonedcc/remix-forms,336,337,0.32,
seasonedcc/remix-forms,344,346,0.2,
seasonedcc/remix-forms,369,371,0.2,
seasonedcc/remix-forms,351,352,0.15,
seasonedcc/remix-forms,348,351,0.2,
seasonedcc/remix-forms,370,371,0.35,
seasonedcc/remix-forms,338,339,0.3,
seasonedcc/remix-forms,306,307,0.45,
seasonedcc/remix-forms,373,375,0.7,
seasonedcc/remix-forms,368,370,0.5,
seasonedcc/remix-forms,358,359,0.35,
secretlint/secretlint,1058,1059,0.75,
secretlint/secretlint,1053,1054,1.0,
simonw/tools,33,37,0.1,
simonw/tools,33,44,0.1,
simonw/tools,33,39,0.2,
simonw/tools,33,45,0.5,
simonw/tools,33,35,0.1,
simonw/tools,33,42,0.1,
simonw/tools,33,43,0.1,
simonw/tools,33,38,0.1,
simonw/tools,33,34,0.1,
simonw/tools,33,41,0.4,
skypilot-org/skypilot,5796,6414,0.25,
skypilot-org/skypilot,5796,6078,0.1,
skypilot-org/skypilot,5796,6067,0.2,
skypilot-org/skypilot,5796,6247,0.08,
skypilot-org/skypilot,5796,5810,0.3,
skypilot-org/skypilot,5796,6305,0.08,
stanford-crfm/haliax,173,184,0.7,
stanford-crfm/haliax,155,158,0.35,
stanford-crfm/haliax,152,180,0.25,
stanford-crfm/haliax,150,166,0.15,
stanford-crfm/haliax,152,176,0.2,
stanford-crfm/haliax,149,158,0.25,
stanford-crfm/haliax,146,149,0.08,
stanford-crfm/haliax,138,146,0.15,
stanford-crfm/haliax,152,173,0.4,
stanford-crfm/haliax,146,182,0.05,
stanford-crfm/haliax,153,158,0.25,
stanford-crfm/haliax,150,175,0.05,
stanford-crfm/haliax,152,186,0.3,
stanford-crfm/haliax,173,176,0.25,
stanford-crfm/haliax,152,170,0.15,
stanford-crfm/haliax,152,157,0.2,
stanford-crfm/haliax,138,171,0.2,
stanford-crfm/haliax,138,176,0.5,
stanford-crfm/haliax,177,182,0.1,
stanford-crfm/haliax,173,175,0.4,
stanford-crfm/haliax,138,178,0.55,
stanford-crfm/haliax,173,177,0.45,
stanford-crfm/haliax,152,184,0.18,
stanford-crfm/haliax,177,189,0.18,
stanford-crfm/haliax,154,158,0.1,
stanford-crfm/haliax,177,184,0.32,
stanford-crfm/haliax,138,154,0.12,
stanford-crfm/haliax,150,183,0.05,
stanford-crfm/haliax,146,186,0.15,
stanford-crfm/haliax,138,155,0.72,
stanford-crfm/haliax,138,150,0.08,
stanford-crfm/haliax,146,178,0.22,
stanford-crfm/haliax,150,180,0.08,
stanford-crfm/haliax,151,155,0.18,
stanford-crfm/haliax,152,166,0.12,
stanford-crfm/haliax,150,157,0.08,
stanford-crfm/haliax,151,153,0.68,
stanford-crfm/haliax,146,167,0.12,
stanford-crfm/haliax,150,174,0.05,
stanford-crfm/haliax,151,152,0.38,
stanford-crfm/haliax,152,181,0.42,
stanford-crfm/haliax,150,184,0.08,
stanford-crfm/haliax,173,182,0.2,
stanford-crfm/haliax,146,152,0.1,
stanford-crfm/haliax,138,169,0.7,
stanford-crfm/haliax,150,182,0.05,
stanford-crfm/haliax,154,155,0.15,
stanford-crfm/haliax,177,186,0.35,
stanford-crfm/haliax,149,153,0.05,
stanford-crfm/haliax,146,170,0.1,
stanford-crfm/haliax,152,175,0.6,
stanford-crfm/haliax,146,180,0.15,
stanford-crfm/haliax,150,177,0.05,
stanford-crfm/haliax,150,178,0.12,
stanford-crfm/haliax,146,154,0.12,
stanford-crfm/haliax,152,174,0.1,
stanford-crfm/haliax,150,181,0.08,
stanford-crfm/haliax,146,175,0.28,
stanford-crfm/haliax,177,178,0.28,
stanford-crfm/haliax,138,179,0.15,
stanford-crfm/haliax,150,152,0.08,
stanford-crfm/haliax,178,179,0.1,
stanford-crfm/haliax,173,189,0.15,
stanford-crfm/haliax,151,154,0.4,
stanford-crfm/haliax,138,173,0.25,
stanford-crfm/haliax,138,167,0.15,
stanford-crfm/haliax,142,143,0.6,
stanford-crfm/haliax,146,166,0.05,
stanford-crfm/haliax,173,178,0.2,
stanford-crfm/haliax,138,175,0.25,
stanford-crfm/haliax,149,157,0.05,
stanford-crfm/haliax,149,150,0.05,
stanford-crfm/haliax,146,172,0.2,
stanford-crfm/haliax,146,189,0.05,
stanford-crfm/haliax,178,180,0.1,
stanford-crfm/haliax,146,176,0.05,
stanford-crfm/haliax,138,186,0.85,
stanford-crfm/haliax,138,182,0.05,
stanford-crfm/haliax,138,189,0.05,
stanford-crfm/haliax,146,158,0.1,
stanford-crfm/haliax,152,178,0.05,
stanford-crfm/haliax,178,184,0.15,
stanford-crfm/haliax,150,167,0.1,
stanford-crfm/haliax,152,179,0.25,
stanford-crfm/haliax,177,179,0.65,
stanford-crfm/haliax,152,169,0.35,
stanford-crfm/haliax,138,158,0.15,
stanford-crfm/haliax,155,157,0.2,
stanford-crfm/haliax,150,173,0.22,
stanford-crfm/haliax,149,151,0.18,
stanford-crfm/haliax,177,181,0.12,
stanford-crfm/haliax,150,153,0.1,
stanford-crfm/haliax,173,180,0.28,
stanford-crfm/haliax,138,153,0.25,
stanford-crfm/haliax,138,152,0.2,
stanford-crfm/haliax,170,171,0.05,
stanford-crfm/haliax,150,158,0.55,
stanford-crfm/haliax,150,171,0.05,
stanford-crfm/haliax,138,145,0.6,
stanford-crfm/haliax,178,189,0.05,
stanford-crfm/haliax,178,183,0.15,
stanford-crfm/haliax,138,149,0.05,
stanford-crfm/haliax,150,169,0.15,
stanford-crfm/haliax,146,171,0.2,
stanford-crfm/haliax,146,173,0.45,
stanford-crfm/haliax,177,180,0.65,
stanford-crfm/haliax,146,151,0.8,
stanford-crfm/haliax,173,181,0.1,
stanford-crfm/haliax,152,183,0.2,
stanford-crfm/haliax,150,151,0.75,
stanford-crfm/haliax,138,142,0.75,
stanford-crfm/haliax,173,174,0.15,
stanford-crfm/haliax,173,183,0.15,
stanford-crfm/haliax,153,157,0.75,
stanford-crfm/haliax,138,151,0.15,
stanford-crfm/haliax,138,177,0.85,
stanford-crfm/haliax,149,155,0.1,
stanford-crfm/haliax,157,158,0.25,
stanford-crfm/haliax,138,157,0.25,
stanford-crfm/haliax,152,189,0.15,
stanford-crfm/haliax,152,167,0.8,
stanford-crfm/haliax,138,143,0.8,
stanford-crfm/haliax,138,180,0.7,
stanford-crfm/haliax,152,182,0.6,
stanford-crfm/haliax,150,186,0.15,
stanford-crfm/haliax,146,157,0.15,
stanford-crfm/haliax,152,177,0.05,
stanford-crfm/haliax,142,145,0.75,
stanford-crfm/haliax,177,183,0.12,
stanford-crfm/haliax,149,152,0.05,
stanford-crfm/haliax,152,155,0.05,
stanford-crfm/haliax,152,158,0.3,
stanford-crfm/haliax,178,181,0.08,
stanford-crfm/haliax,146,181,0.05,
stanford-crfm/haliax,146,155,0.05,
stanford-crfm/haliax,149,154,0.1,
stanford-crfm/haliax,146,179,0.4,
stanford-crfm/haliax,152,154,0.85,
stanford-crfm/haliax,138,183,0.1,
stanford-crfm/haliax,138,181,0.05,
stanford-crfm/haliax,146,184,0.2,
stanford-crfm/haliax,153,154,0.9,
stanford-crfm/haliax,146,183,0.05,
stanford-crfm/haliax,150,154,0.1,
stanford-crfm/haliax,150,176,0.1,
stanford-crfm/haliax,152,172,0.2,
stanford-crfm/haliax,138,172,0.5,
stanford-crfm/haliax,150,179,0.1,
stanford-crfm/haliax,138,184,0.65,
stanford-crfm/haliax,150,189,0.1,
stanford-crfm/haliax,150,170,0.1,
stanford-crfm/haliax,152,171,0.3,
stanford-crfm/haliax,152,153,0.8,
stanford-crfm/haliax,150,172,0.05,
stanford-crfm/haliax,173,186,0.65,
stanford-crfm/haliax,178,186,0.8,
stanford-crfm/haliax,153,155,0.05,
stanford-crfm/haliax,138,166,0.35,
stanford-crfm/haliax,178,182,0.05,
stanford-crfm/haliax,146,174,0.05,
stanford-crfm/haliax,138,170,0.1,
stanford-crfm/haliax,138,174,0.05,
stanford-crfm/haliax,150,155,0.05,
stanford-crfm/haliax,146,153,0.15,
stanford-crfm/haliax,146,150,0.05,
stanford-crfm/haliax,146,177,0.2,
stanford-crfm/haliax,146,169,0.25,
stanford-crfm/haliax,173,179,0.4,
stanford-crfm/haliax,154,157,0.88,
swc-project/swc,10855,10856,0.42,
synth-inc/onit,260,261,0.18,
synth-inc/onit,267,269,0.55,
synth-inc/onit,249,250,0.08,
synth-inc/onit,266,269,0.55,
synth-inc/onit,243,245,0.4,
synth-inc/onit,266,268,0.65,
synth-inc/onit,243,244,0.35,
synth-inc/onit,266,267,0.5,
synth-inc/onit,267,268,0.45,
synth-inc/onit,243,246,0.25,
synth-inc/onit,184,186,0.7,
synth-inc/onit,250,251,0.2,
synth-inc/onit,268,269,0.4,
temporalio/temporal,7794,7861,0.1,
temporalio/temporal,7990,8014,0.05,
temporalio/temporal,7944,7990,0.12,
temporalio/temporal,7990,8003,0.05,
temporalio/temporal,7860,7871,0.22,
temporalio/temporal,7871,7922,0.15,
temporalio/temporal,7794,8029,0.08,
temporalio/temporal,7794,7990,0.08,
temporalio/temporal,7794,8014,0.08,
temporalio/temporal,7944,8014,0.08,
temporalio/temporal,7944,8003,0.4,
temporalio/temporal,7794,7860,0.15,
temporalio/temporal,7860,7922,0.5,
temporalio/temporal,8014,8029,0.45,
temporalio/temporal,7990,8029,0.15,
temporalio/temporal,7871,7896,0.45,
temporalio/temporal,7794,7896,0.15,
temporalio/temporal,7794,7871,0.25,
temporalio/temporal,7794,7922,0.15,
temporalio/temporal,7860,7896,0.2,
temporalio/temporal,7944,8029,0.35,
temporalio/temporal,7860,7861,0.7,
temporalio/temporal,7794,7832,0.15,
temporalio/temporal,8003,8014,0.12,
temporalio/temporal,7794,8003,0.12,
temporalio/temporal,7794,7944,0.25,
timakin/bodyclose,72,73,0.8,
timmo001/system-bridge,3460,3463,0.65,
timmo001/system-bridge,3461,3465,0.15,
timmo001/system-bridge,3463,3466,0.2,
timmo001/system-bridge,3456,3460,0.28,
timmo001/system-bridge,3456,3465,0.08,
timmo001/system-bridge,3462,3463,0.08,
timmo001/system-bridge,3462,3465,0.05,
timmo001/system-bridge,3461,3466,0.12,
timmo001/system-bridge,3461,3462,0.15,
timmo001/system-bridge,3462,3466,0.05,
timmo001/system-bridge,3456,3462,0.38,
timmo001/system-bridge,3456,3461,0.3,
timmo001/system-bridge,3460,3462,0.15,
timmo001/system-bridge,3456,3466,0.15,
timmo001/system-bridge,3461,3463,0.25,
timmo001/system-bridge,3456,3463,0.3,
timmo001/system-bridge,3460,3466,0.1,
timmo001/system-bridge,3460,3461,0.7,
timmo001/system-bridge,3455,3456,0.35,
timmo001/system-bridge,3463,3465,0.15,
timmo001/system-bridge,3460,3465,0.1,
tokens-studio/figma-plugin,3370,3412,0.25,
tokens-studio/figma-plugin,3389,3390,0.65,
tokens-studio/figma-plugin,3388,3469,0.45,
tokens-studio/figma-plugin,3388,3401,0.2,
tokens-studio/figma-plugin,3411,3448,0.55,
tokens-studio/figma-plugin,3388,3391,0.08,
tokens-studio/figma-plugin,3459,3468,0.25,
tokens-studio/figma-plugin,3366,3369,0.3,
tokens-studio/figma-plugin,3367,3387,0.15,
tokens-studio/figma-plugin,3405,3468,0.2,
tokens-studio/figma-plugin,3469,3471,0.75,
tokens-studio/figma-plugin,3368,3448,0.1,
tokens-studio/figma-plugin,3422,3468,0.25,
tokens-studio/figma-plugin,3385,3449,0.1,
tokens-studio/figma-plugin,3388,3395,0.35,
tokens-studio/figma-plugin,3413,3468,0.15,
tokens-studio/figma-plugin,3391,3399,0.3,
tokens-studio/figma-plugin,3419,3471,0.1,
tokens-studio/figma-plugin,3366,3374,0.4,
tokens-studio/figma-plugin,3378,3471,0.15,
tokens-studio/figma-plugin,3413,3419,0.1,
tokens-studio/figma-plugin,3412,3422,0.2,
tokens-studio/figma-plugin,3405,3453,0.2,
tokens-studio/figma-plugin,3388,3445,0.5,
tokens-studio/figma-plugin,3368,3401,0.25,
tokens-studio/figma-plugin,3387,3445,0.4,
tokens-studio/figma-plugin,3393,3449,0.1,
tokens-studio/figma-plugin,3378,3401,0.2,
tokens-studio/figma-plugin,3422,3445,0.35,
tokens-studio/figma-plugin,3419,3459,0.05,
tokens-studio/figma-plugin,3368,3411,0.4,
tokens-studio/figma-plugin,3388,3459,0.1,
tokens-studio/figma-plugin,3378,3447,0.2,
tokens-studio/figma-plugin,3411,3459,0.25,
tokens-studio/figma-plugin,3380,3411,0.15,
tokens-studio/figma-plugin,3385,3468,0.55,
tokens-studio/figma-plugin,3374,3399,0.35,
tokens-studio/figma-plugin,3448,3468,0.25,
tokens-studio/figma-plugin,3391,3393,0.2,
tokens-studio/figma-plugin,3412,3459,0.15,
tokens-studio/figma-plugin,3367,3385,0.45,
tokens-studio/figma-plugin,3391,3398,0.08,
tokens-studio/figma-plugin,3411,3453,0.4,
tokens-studio/figma-plugin,3374,3380,0.3,
tokens-studio/figma-plugin,3367,3399,0.15,
tokens-studio/figma-plugin,3394,3413,0.2,
tokens-studio/figma-plugin,3385,3418,0.5,
tokens-studio/figma-plugin,3360,3362,0.25,
tokens-studio/figma-plugin,3380,3453,0.55,
tokens-studio/figma-plugin,3419,3449,0.1,
tokens-studio/figma-plugin,3378,3386,0.35,
tokens-studio/figma-plugin,3374,3390,0.45,
tokens-studio/figma-plugin,3413,3470,0.05,
tokens-studio/figma-plugin,3418,3422,0.2,
tokens-studio/figma-plugin,3411,3422,0.15,
tokens-studio/figma-plugin,3388,3447,0.12,
tokens-studio/figma-plugin,3370,3422,0.05,
tokens-studio/figma-plugin,3370,3394,0.05,
tokens-studio/figma-plugin,3360,3369,0.08,
tokens-studio/figma-plugin,3378,3459,0.2,
tokens-studio/figma-plugin,3374,3388,0.1,
tokens-studio/figma-plugin,3368,3405,0.08,
tokens-studio/figma-plugin,3394,3404,0.08,
tokens-studio/figma-plugin,3418,3419,0.03,
tokens-studio/figma-plugin,3368,3449,0.18,
tokens-studio/figma-plugin,3367,3380,0.05,
tokens-studio/figma-plugin,3398,3404,0.05,
tokens-studio/figma-plugin,3418,3459,0.08,
tokens-studio/figma-plugin,3366,3453,0.42,
tokens-studio/figma-plugin,3388,3412,0.12,
tokens-studio/figma-plugin,3405,3411,0.22,
tokens-studio/figma-plugin,3412,3469,0.08,
tokens-studio/figma-plugin,3412,3453,0.25,
tokens-studio/figma-plugin,3367,3369,0.78,
tokens-studio/figma-plugin,3453,3470,0.12,
tokens-studio/figma-plugin,3366,3395,0.35,
tokens-studio/figma-plugin,3388,3411,0.22,
tokens-studio/figma-plugin,3387,3422,0.48,
tokens-studio/figma-plugin,3469,3470,0.1,
tokens-studio/figma-plugin,3378,3389,0.28,
tokens-studio/figma-plugin,3366,3368,0.42,
tokens-studio/figma-plugin,3418,3448,0.52,
tokens-studio/figma-plugin,3453,3469,0.08,
tokens-studio/figma-plugin,3370,3411,0.07,
tokens-studio/figma-plugin,3411,3419,0.03,
tokens-studio/figma-plugin,3380,3445,0.1,
tokens-studio/figma-plugin,3368,3413,0.05,
tokens-studio/figma-plugin,3370,3413,0.03,
tokens-studio/figma-plugin,3422,3469,0.15,
tokens-studio/figma-plugin,3393,3399,0.18,
tokens-studio/figma-plugin,3405,3459,0.03,
tokens-studio/figma-plugin,3391,3470,0.05,
tokens-studio/figma-plugin,3374,3387,0.15,
tokens-studio/figma-plugin,3387,3390,0.3,
tokens-studio/figma-plugin,3393,3447,0.08,
tokens-studio/figma-plugin,3368,3412,0.45,
tokens-studio/figma-plugin,3386,3394,0.05,
tokens-studio/figma-plugin,3374,3418,0.12,
tokens-studio/figma-plugin,3380,3462,0.25,
tokens-studio/figma-plugin,3453,3468,0.05,
tokens-studio/figma-plugin,3419,3468,0.03,
tokens-studio/figma-plugin,3367,3405,0.28,
tokens-studio/figma-plugin,3401,3411,0.15,
tokens-studio/figma-plugin,3411,3470,0.05,
tokens-studio/figma-plugin,3368,3459,0.15,
tokens-studio/figma-plugin,3398,3401,0.1,
tokens-studio/figma-plugin,3380,3388,0.55,
tokens-studio/figma-plugin,3405,3447,0.15,
tokens-studio/figma-plugin,3366,3370,0.1,
tokens-studio/figma-plugin,3388,3404,0.05,
tokens-studio/figma-plugin,3405,3418,0.65,
tokens-studio/figma-plugin,3401,3419,0.05,
tokens-studio/figma-plugin,3399,3405,0.2,
tokens-studio/figma-plugin,3378,3418,0.2,
tokens-studio/figma-plugin,3368,3386,0.15,
tokens-studio/figma-plugin,3387,3468,0.2,
tokens-studio/figma-plugin,3387,3470,0.05,
tokens-studio/figma-plugin,3447,3459,0.25,
tokens-studio/figma-plugin,3368,3453,0.35,
tokens-studio/figma-plugin,3370,3449,0.2,
tokens-studio/figma-plugin,3411,3468,0.15,
tokens-studio/figma-plugin,3387,3411,0.15,
tokens-studio/figma-plugin,3405,3470,0.15,
tokens-studio/figma-plugin,3386,3389,0.2,
tokens-studio/figma-plugin,3387,3447,0.15,
tokens-studio/figma-plugin,3419,3422,0.1,
tokens-studio/figma-plugin,3370,3391,0.1,
tokens-studio/figma-plugin,3459,3469,0.2,
tokens-studio/figma-plugin,3412,3468,0.1,
tokens-studio/figma-plugin,3387,3399,0.3,
tokens-studio/figma-plugin,3386,3390,0.2,
tokens-studio/figma-plugin,3374,3412,0.35,
tokens-studio/figma-plugin,3378,3453,0.3,
tokens-studio/figma-plugin,3387,3413,0.35,
tokens-studio/figma-plugin,3370,3386,0.2,
tokens-studio/figma-plugin,3422,3448,0.5,
tokens-studio/figma-plugin,3367,3393,0.12,
tokens-studio/figma-plugin,3385,3445,0.35,
tokens-studio/figma-plugin,3411,3445,0.18,
tokens-studio/figma-plugin,3360,3361,0.25,
tokens-studio/figma-plugin,3393,3419,0.08,
tokens-studio/figma-plugin,3367,3389,0.12,
tokens-studio/figma-plugin,3445,3449,0.22,
tokens-studio/figma-plugin,3387,3391,0.03,
tokens-studio/figma-plugin,3378,3469,0.15,
tokens-studio/figma-plugin,3368,3393,0.08,
tokens-studio/figma-plugin,3374,3405,0.28,
tokens-studio/figma-plugin,3366,3470,0.01,
tokens-studio/figma-plugin,3370,3471,0.2,
tokens-studio/figma-plugin,3385,3462,0.08,
tokens-studio/figma-plugin,3380,3448,0.22,
tokens-studio/figma-plugin,3366,3412,0.12,
tokens-studio/figma-plugin,3447,3453,0.38,
tokens-studio/figma-plugin,3367,3378,0.12,
tokens-studio/figma-plugin,3393,3401,0.32,
tokens-studio/figma-plugin,3388,3419,0.1,
tokens-studio/figma-plugin,3380,3412,0.28,
tokens-studio/figma-plugin,3374,3411,0.32,
tokens-studio/figma-plugin,3368,3395,0.15,
tokens-studio/figma-plugin,3378,3422,0.1,
tokens-studio/figma-plugin,3387,3471,0.35,
tokens-studio/figma-plugin,3366,3447,0.2,
tokens-studio/figma-plugin,3401,3405,0.15,
tokens-studio/figma-plugin,3385,3459,0.2,
tokens-studio/figma-plugin,3386,3404,0.1,
tokens-studio/figma-plugin,3388,3399,0.25,
tokens-studio/figma-plugin,3368,3445,0.15,
tokens-studio/figma-plugin,3388,3449,0.2,
tokens-studio/figma-plugin,3386,3395,0.35,
tokens-studio/figma-plugin,3448,3469,0.2,
tokens-studio/figma-plugin,3418,3471,0.15,
tokens-studio/figma-plugin,3385,3393,0.25,
tokens-studio/figma-plugin,3367,3370,0.15,
tokens-studio/figma-plugin,3380,3389,0.3,
tokens-studio/figma-plugin,3422,3471,0.15,
tokens-studio/figma-plugin,3393,3413,0.2,
tokens-studio/figma-plugin,3368,3422,0.12,
tokens-studio/figma-plugin,3448,3470,0.08,
tokens-studio/figma-plugin,3459,3471,0.28,
tokens-studio/figma-plugin,3374,3404,0.12,
tokens-studio/figma-plugin,3394,3398,0.18,
tokens-studio/figma-plugin,3380,3419,0.05,
tokens-studio/figma-plugin,3405,3419,0.1,
tokens-studio/figma-plugin,3367,3422,0.2,
tokens-studio/figma-plugin,3391,3448,0.1,
tokens-studio/figma-plugin,3387,3448,0.2,
tokens-studio/figma-plugin,3398,3399,0.38,
tokens-studio/figma-plugin,3380,3393,0.15,
tokens-studio/figma-plugin,3386,3388,0.55,
tokens-studio/figma-plugin,3393,3445,0.12,
tokens-studio/figma-plugin,3405,3445,0.1,
tokens-studio/figma-plugin,3378,3388,0.15,
tokens-studio/figma-plugin,3447,3471,0.4,
tokens-studio/figma-plugin,3385,3394,0.15,
tokens-studio/figma-plugin,3366,3462,0.3,
tokens-studio/figma-plugin,3388,3453,0.35,
tokens-studio/figma-plugin,3413,3447,0.25,
tokens-studio/figma-plugin,3378,3449,0.15,
tokens-studio/figma-plugin,3380,3418,0.45,
tokens-studio/figma-plugin,3367,3418,0.15,
twentyhq/twenty,12641,12642,0.03,
twentyhq/twenty,12640,12642,0.05,
twentyhq/twenty,12640,12641,0.05,
typehero/typehero,1749,1750,0.38,
umijs/qiankun,3082,3083,0.1,
unsend-dev/unsend,170,189,0.15,
unsend-dev/unsend,170,178,0.12,
uxlfoundation/scikit-learn-intelex,2519,2520,0.05,
vercel/next.js,80002,80178,0.1,
vercel/next.js,79523,80002,0.22,
vexxhost/atmosphere,2789,2790,0.95,
vexxhost/atmosphere,2788,2790,0.95,
vexxhost/atmosphere,2788,2789,0.95,
vladfi1/slippi-ai,37,39,0.2,
vladfi1/slippi-ai,38,39,0.25,
vladfi1/slippi-ai,37,38,0.3,
vladfi1/slippi-ai,34,35,0.15,
voideditor/void,724,844,0.2,
voideditor/void,715,724,0.3,
wcandillon/react-native-webgpu,234,235,0.15,
wcandillon/react-native-webgpu,235,237,0.1,
wcandillon/react-native-webgpu,234,236,0.12,
wcandillon/react-native-webgpu,236,237,0.3,
wcandillon/react-native-webgpu,233,235,0.08,
wcandillon/react-native-webgpu,233,237,0.12,
wcandillon/react-native-webgpu,234,237,0.05,
wcandillon/react-native-webgpu,233,236,0.4,
wcandillon/react-native-webgpu,233,234,0.03,
wcandillon/react-native-webgpu,235,236,0.08,
wealthsimple/llm-gateway,80,84,0.25,
wealthsimple/llm-gateway,83,85,0.2,
wealthsimple/llm-gateway,80,83,0.12,
wealthsimple/llm-gateway,82,85,0.25,
wealthsimple/llm-gateway,80,82,0.05,
wealthsimple/llm-gateway,83,84,0.85,
wealthsimple/llm-gateway,80,81,0.45,
wealthsimple/llm-gateway,82,84,0.1,
wealthsimple/llm-gateway,80,85,0.4,
wealthsimple/llm-gateway,81,82,0.8,
wealthsimple/llm-gateway,78,80,0.05,
wealthsimple/llm-gateway,82,83,0.1,
wealthsimple/llm-gateway,84,85,0.2,
worknenjoy/gitpay,1238,1240,0.2,
worknenjoy/gitpay,1238,1239,0.2,
worknenjoy/gitpay,1214,1215,0.15,
writer/writer-framework,894,902,0.35,
writer/writer-framework,894,927,0.35,
writer/writer-framework,888,890,0.25,
writer/writer-framework,885,886,0.15,
wvlet/airframe,3932,3940,0.25,
wvlet/airframe,3935,3943,0.2,
wvlet/airframe,3931,3942,0.25,
wvlet/airframe,3943,3944,0.05,
wvlet/airframe,3931,3938,0.05,
wvlet/airframe,3934,3941,0.08,
wvlet/airframe,3931,3932,0.05,
wvlet/airframe,3933,3944,0.05,
wvlet/airframe,3935,3938,0.05,
wvlet/airframe,3932,3934,0.05,
wvlet/airframe,3944,3946,0.05,
wvlet/airframe,3933,3935,0.05,
wvlet/airframe,3938,3947,0.05,
wvlet/airframe,3938,3949,0.12,
wvlet/airframe,3931,3936,0.08,
wvlet/airframe,3936,3938,0.08,
wvlet/airframe,3934,3942,0.12,
wvlet/airframe,3935,3944,0.1,
wvlet/airframe,3944,3950,0.1,
wvlet/airframe,3945,3947,0.2,
wvlet/airframe,3932,3942,0.1,
wvlet/airframe,3933,3945,0.2,
wvlet/airframe,3938,3941,0.08,
wvlet/airframe,3935,3945,0.05,
wvlet/airframe,3938,3943,0.05,
wvlet/airframe,3949,3950,0.05,
wvlet/airframe,3945,3946,0.05,
wvlet/airframe,3930,3934,0.05,
wvlet/airframe,3930,3933,0.1,
wvlet/airframe,3946,3949,0.05,
wvlet/airframe,3932,3943,0.05,
wvlet/airframe,3931,3934,0.05,
wvlet/airframe,3935,3940,0.05,
wvlet/airframe,3944,3947,0.08,
wvlet/airframe,3940,3942,0.22,
wvlet/airframe,3931,3933,0.78,
wvlet/airframe,3930,3936,0.15,
wvlet/airframe,3932,3936,0.18,
wvlet/airframe,3932,3933,0.07,
wvlet/airframe,3935,3949,0.12,
wvlet/airframe,3940,3941,0.16,
wvlet/airframe,3938,3945,0.11,
wvlet/airframe,3938,3940,0.21,
wvlet/airframe,3930,3940,0.08,
wvlet/airframe,3931,3935,0.1,
wvlet/airframe,3934,3945,0.98,
wvlet/airframe,3932,3938,0.22,
wvlet/airframe,3930,3935,0.08,
wvlet/airframe,3933,3940,0.08,
wvlet/airframe,3934,3943,0.05,
wvlet/airframe,3935,3946,0.1,
wvlet/airframe,3930,3932,0.1,
wvlet/airframe,3934,3940,0.08,
wvlet/airframe,3946,3947,0.05,
wvlet/airframe,3934,3935,0.1,
wvlet/airframe,3934,3944,0.05,
wvlet/airframe,3934,3936,0.03,
wvlet/airframe,3931,3940,0.03,
wvlet/airframe,3933,3943,0.05,
wvlet/airframe,3941,3942,0.05,
wvlet/airframe,3933,3938,0.05,
wvlet/airframe,3931,3941,0.65,
wvlet/airframe,3933,3936,0.03,
wvlet/airframe,3930,3931,0.45,
wvlet/airframe,3946,3950,0.05,
wvlet/airframe,3935,3936,0.05,
wvlet/airframe,3944,3949,0.1,
wvlet/airframe,3934,3938,0.05,
wvlet/airframe,3933,3941,0.05,
wvlet/airframe,3935,3942,0.05,
wvlet/airframe,3935,3941,0.05,
wvlet/airframe,3933,3946,0.05,
wvlet/airframe,3938,3944,0.15,
wvlet/airframe,3932,3935,0.05,
wvlet/airframe,3935,3947,0.05,
wvlet/airframe,3932,3941,0.05,
wvlet/airframe,3930,3938,0.05,
wvlet/airframe,3933,3934,0.25,
wvlet/airframe,3947,3949,0.05,
wvlet/airframe,3938,3946,0.05,
wvlet/airframe,3944,3945,0.05,
wvlet/airframe,3938,3942,0.05,
wvlet/airframe,3933,3942,0.05,
wvlet/wvlet,967,989,0.12,
wvlet/wvlet,967,969,0.05,
wvlet/wvlet,967,980,0.08,
wvlet/wvlet,967,991,0.1,
wvlet/wvlet,967,1029,0.03,
yegor256/cactoos,1804,1805,0.18,
zardoy/minecraft-web-client,367,377,0.7,
